movieID,personID
114709,5124
113497,2653
113228,222043
114885,1845
113041,796124
113277,520
114319,1628
112302,382072
114576,1382
113189,132709
112346,1661
112896,316
112453,3507609
113987,832089
112760,1317
112641,217
114388,487
113101,25978
113101,734319
112281,644203
113845,747849
113161,1756
112722,750
112401,1149
114168,759207
113627,1214
114057,2711521
114011,322128
112682,1988
112682,466
115012,955443
112792,808807
114746,416
112431,3088
112637,3656099
112818,209
112697,2132
114279,518644
112819,400436
112819,400441
114272,1355
113855,27271
114681,1814
113347,602104
114369,399
114148,300265
114148,325196
114814,1741
113819,95
112499,805965
113321,149
110877,705535
110877,873385
113419,568
116260,772259
113862,378893
116126,54077
118002,71611
115683,89176
116839,542752
113149,1929
113118,336620
116367,1675
113010,802617
113537,876
113828,500988
115644,325533
114367,240995
112744,576
116731,1270
114660,1219
112379,331296
112365,351993
118158,631
116151,477129
115697,790715
113972,824
117002,1241
114825,127
115639,1130
115759,247
113247,440913
115907,887
115734,27572
117102,145309
118040,1093
116483,240797
112579,142
117110,5008
117110,485298
112573,154
75314,217
113326,5675483
115645,775447
115033,743239
116606,769703
103859,399737
109424,939182
116324,751102
110647,3423
113451,1243
116130,911486
118055,816
115685,1643802
112442,881
112461,436284
109093,1325
112384,165
114287,1994
112462,1708
61395,320
112495,958
112541,808
112541,911061
109370,601620
112642,797869
112688,490
112715,550881
112740,1716
112851,1675
112857,2083
112864,1532
113071,958387
113114,514546
113243,812200
113464,9319954
113481,519434
113492,134176
113540,164187
113677,1139
113690,850
113729,944
113749,808963
113820,818465
113957,5563
113986,1060
114194,927074
114323,1331
114345,423646
114436,894204
114478,911061
114496,2120
114508,2044
114558,941
58450,218840
114682,452319
114781,614276
114798,473
114887,778
114898,721817
111579,586482
112471,500
112508,205542
112438,272704
112571,6889
112679,640466
109445,808963
112883,505230
109635,506022
109676,824
109579,591
109642,431
109686,268380
109686,268370
111797,487
109759,382
109758,5190
109707,318
113117,1410
113097,345
113198,510674
109771,179216
110005,2974550
110066,589168
110116,741262
110006,109359
110099,770961
110148,1403
110189,577849
110216,718645
113501,322865
113538,331998
113552,775447
76759,184
110367,788
113670,190859
103994,778
110322,1880
110443,145309
110391,139111
113691,350455
110428,405336
109836,110
113755,3367767
110538,1188
110516,907
110527,562645
113808,291205
113870,733692
110684,914
110638,776
110632,832089
110737,422484
110729,848414
114069,583
110413,108
110912,233
110889,944
110932,602
110963,161717
114214,600
110907,265
111495,1425
108394,1425
111507,1425
114571,601
111333,723704
111255,515891
111282,386
111070,664756
111161,1104
111149,965
114594,398986
113936,538614
110081,955443
114614,3080
114608,225416
111280,141222
114609,192090
114852,118
114694,781842
111590,1501
108550,2120
114857,502577
114924,5509
111667,816
110598,389591
109040,1723
109045,254632
106339,812200
104779,591
109348,95
109444,637518
109446,1708
109484,625458
109504,490
109506,1639
109450,5421
109813,505152
109830,709
109831,1565
113305,5436
110093,796124
110167,921
110213,814085
110357,21249
110357,591450
107426,934
111686,127
110475,751080
110478,1149
110588,748928
110622,781842
110771,165
110950,1774
105226,1093
110989,677953
110997,436
111257,957
111256,881038
111438,1382
111503,116
111693,1502
111742,1643802
111756,1410
111301,211823
110027,602452
113409,118
106220,1756
106226,217
109068,499726
106292,824
109198,1982723
109219,1775
106400,790715
109254,484
109279,3031
109297,776
109303,394280
106452,1206
106471,6548498
106489,134
109361,720304
106519,361
109439,917992
109443,413875
106582,1317
106598,6625
109456,750701
109480,6916
109493,150707
106673,718645
106677,500
106697,104193
106834,1814
106873,5348
106332,155280
106881,1837
111732,450194
111712,410139
106918,1628
106965,934578
106977,1874558
107004,1353
109890,2044
107076,247
107144,720
112966,3355
107151,806
110074,1054
110074,1053
110123,677943
107206,583
107207,6487
108551,1270
107286,394280
107290,229
107302,784061
110265,812
107362,1532
107478,907
107497,887
107501,154
107507,95
107554,400436
107554,400441
116253,829
107616,110
107614,1060
107653,5139
110657,128885
110678,132709
110687,1661
107756,6845
107808,142
107818,1129
107822,1005
107889,911486
111003,650233
110955,1130
107943,412465
110971,1508
107969,442241
111001,662029
107978,215269
107977,316
107983,575389
105275,942409
108002,770
108052,229
108065,1873
108071,2140
111127,914113
111143,611683
108101,277
108122,265
111201,241090
108149,770961
108160,1188
108162,637518
83658,631
108186,711114
108174,772095
108238,380705
108255,417708
108255,608084
111400,764776
108328,1578571
111418,281598
107688,783139
108333,378893
108358,181902
108358,418883
108399,1716
110763,402563
110763,2653
114906,1754
110363,770650
111252,751102
110366,790715
112572,858525
99785,1060
99653,958387
103639,166256
103639,615780
103064,116
99348,126
96895,318
102926,1129
29583,183183
29583,359457
101414,873779
101414,936374
32910,272568
32910,373429
100405,5190
65214,1603
117247,1355
112625,174374
116282,1054
116282,1053
116552,254786
82509,693376
82509,116497
116514,944892
117283,716257
116684,1874
65421,718627
113613,864468
117381,387706
115509,500858
115509,754678
116275,669004
117608,528718
116414,490
116095,154819
115956,1880
117060,361
117071,219720
116136,3418
116168,711114
116683,783139
116287,1226
116768,538614
114787,1437
112536,576509
112536,848883
117128,540075
117705,701592
62711,671862
58898,419
114048,934578
117104,907
117774,541677
116289,47076
112368,425957
117420,241
117107,848414
117979,499726
95776,780117
115851,213726
116322,788454
112817,464
108500,688585
117108,601
115963,281598
116448,399737
117500,881
109592,811714
117998,957
115624,389514
113568,651900
117894,4043618
117723,295007
117768,484
115571,878638
57012,40
108211,5917
117331,934578
117765,921
116669,338
116594,366004
117951,965
116629,386
117737,934
116277,1716
116583,873779
116583,936374
115798,1774
116778,268370
116778,268380
116213,751080
117218,1723
116040,3418
116365,2974550
116905,626
116493,400486
117333,5509
117628,122653
117913,1708
116320,393661
116756,1274
118073,762541
115472,6625
116707,668500
116313,933505
117438,165
116531,952
115857,1874558
117008,362
116191,569790
115986,691194
117826,12155
117718,957453
116225,118
115632,773603
117918,5421
68646,338
104558,5675483
115736,905154
115736,905152
120004,1382
116654,1239
116654,822586
116311,262693
115783,225416
113253,152640
117991,638080
32904,2030
45152,2045
45152,37
43278,591486
50419,2045
54698,1175
52357,33
47396,33
25316,1008
36855,2030
53125,33
53604,697
53291,697
56923,2045
34583,2031
33870,1379
58385,2030
47437,697
46250,943758
31580,485943
31580,782682
37059,591486
32138,281808
32138,2030
31381,281808
31381,2030
84370,907
43014,697
33467,80
62622,40
42192,581
32976,33
32484,33
38787,33
38109,33
50105,564970
48728,33
42451,591486
31725,523932
51658,591486
51658,910199
29843,2031
29843,445033
37008,695937
39420,581
29162,1008
27125,762263
35446,523932
28010,478441
49261,828419
48028,1415
25878,886754
32599,1328
48960,2410633
48960,268513
38650,1008
31679,1008
29947,1328
26029,33
63350,1681
43265,1379
51459,1444462
33891,1008
116329,50597
117039,1403
115678,1714
115678,1804
116830,1353
115438,381273
116259,776
116421,1918132
116000,509409
115862,1226
72653,865709
72951,396421
64603,829038
50798,829038
55277,8289010
54195,8289010
107131,242271
53271,59106
54357,2175
59793,829038
46672,281507
106611,5509
109127,213100
42332,314671
42332,414144
38166,272568
38166,314671
57546,718627
57546,314671
102798,721817
58331,829038
33563,35899
33563,272568
76538,149548
76538,89940
66817,829038
66817,453832
43274,314671
43274,414144
82406,75859
82406,723704
116361,109165
59742,4196348
95016,1532
104692,502577
117589,5139
117887,158
117924,696309
115640,531751
116908,1317
116409,394280
117958,114
116242,95
117509,525303
117802,510731
117665,506022
29546,762263
67992,835799
70707,95
66808,95
95159,187769
95159,92
79470,1034660
84865,1175
68334,6916
59243,1175
61418,671957
52027,836328
52027,3593
46912,33
92890,1915
105236,233
91763,832089
98627,467646
103772,894204
101761,832089
104036,1403
104348,1226
84707,1587
83866,229
29992,547446
99371,1716
92099,1716
48545,712947
44081,1415
117318,1232
82846,41932
72081,1175
101775,429517
96754,116
80749,118
82340,118
82533,1102
91288,1945
91480,1945
81375,956052
71853,416
71853,1034660
84589,897045
78875,772522
103850,209
95765,868153
97108,425
101700,1988
101700,466
101765,1425
101811,1565
50825,40
99703,1241
116209,5237
102426,759368
97937,6487
98724,1752
105107,626
105488,525303
101026,264
73486,1232
78446,4693
78446,1045
80684,449984
93779,1661
82971,229
88846,416
90605,116
60196,1466
94336,732430
50083,1486
56172,180
66921,40
56592,612322
78788,338
64116,1466
86190,549658
93191,694
41959,715346
99685,217
78748,631
106308,600
95250,108
89881,41
97202,247
54215,33
80455,484
71562,338
93058,40
97499,110
86879,1232
45061,285713
87843,1466
81398,217
75686,95
86197,442241
79944,1789
82096,583
70735,1351
67185,797
103130,1325
50976,5
85859,287025
88247,116
103873,2974550
97441,1880
100519,1779
79522,95
100150,1054
100150,1053
97165,1837
61722,1643802
52311,80
100263,108
50212,180
56801,19
71315,591
43456,4196348
40897,1379
92610,2974550
23969,564970
88794,390822
81505,40
92005,1661
22100,485
92991,600
57115,836328
77416,1047
82269,894
107048,601
105695,142
56218,1239
100436,610496
36613,1008
88763,709
101921,816
66206,769874
90967,464
94625,960028
91203,611683
61512,742341
99334,710919
72431,316
102536,464
101640,955443
32553,122
32455,19282
32455,35899
44706,3593
38355,1328
97493,499726
81534,844358
52618,943758
88258,1661
94006,222043
97576,229
78841,797
83987,277
96332,442241
91867,412465
89886,4838
84503,662029
87553,423646
89606,2120
49223,928208
97351,4675
73341,1379
64115,1351
87884,694
101458,694
98635,1661
103644,399
82010,484
78767,742341
56869,33
51418,947105
51418,234893
103874,338
26138,1843
103919,741262
101540,217
55824,496746
74285,361
83722,1707
87800,127
13442,3638
75005,1149
117057,659
115751,1885
117731,408
117631,382956
117666,671
116705,505152
117372,1508
115988,405336
115433,378893
99423,1317
79945,4196348
102975,583292
98382,638
84726,583292
88170,559
92007,559
103776,318
96487,128885
100994,614276
77631,459170
84021,83279
100114,514546
105690,1874558
73195,229
77766,844358
85750,23469
117119,781842
116996,318
116695,1081
93822,1054
93822,1053
94155,506022
105435,4675
116999,952360
116410,1661
115641,431918
115641,221133
117571,127
104691,520
117038,1188
116477,110
117091,1900634
116250,662029
67959,1676
119731,514546
119115,770961
119115,950000
116704,5675483
118708,240797
119664,141961
118928,2044
106387,154819
119640,818465
116790,841232
118111,1302
118691,477129
119141,855035
118548,142
120434,450387
116922,186
119008,1565
118750,689385
119432,664756
119951,858525
120053,637518
120152,806
115964,343
116041,609549
119528,1723
120094,622695
118972,1587
119381,640466
118615,515891
119229,786
118541,776114
120032,592400
120461,413875
118655,5366
118771,609236
119116,108
117615,839397
118556,1162
115744,379179
119567,229
118880,1740835
114134,425
120179,957
118688,1708
119282,166256
119282,615780
119738,389591
119094,247
119654,1756
118884,709
119173,631
82198,587518
119190,918873
118887,3506
119081,27271
120177,228147
118570,1747
119896,139111
119361,1438
118883,1149
119675,868219
118571,583
99810,1532
102494,1814
119360,568
119051,848414
119874,1460
119488,436
120102,269
119468,1219
120524,476071
119174,399
120399,832089
120402,638033
119349,487
118842,808963
119164,146341
119280,6960
119345,318948
118971,431
119324,1088717
119177,629272
119535,965
119080,501435
83131,718645
118689,809321
119592,2020
119978,338
118749,759
90329,1837
120201,894204
107282,911061
120148,398185
119707,502954
120382,1837
120520,812200
119994,816
119395,1994
118617,89940
118617,325778
120483,750
118583,466
118607,229
118632,380
118804,1403
118954,95
119137,562645
119217,1814
119303,331532
119668,142
119715,893659
120082,127
120255,382
120338,116
120347,6854
119925,126
119314,602
119396,233
119485,217
118715,1054
118715,1053
119590,75626
119223,190859
120885,506022
118929,1639
120696,4121
120693,205542
119099,387706
120185,818639
118956,814085
120008,298807
118747,484
120888,178997
120184,506022
119822,985
99939,1206
120873,829
119574,477193
120241,640964
120744,908824
120890,573796
125454,1635778
119250,1429
119942,1643802
120772,405336
120738,394280
120749,887
120176,519
120632,797869
120728,1775
124718,490
120906,440458
118755,382072
117786,5033
120841,575389
120609,939202
119683,806
118866,819613
120647,1460
120685,386
118798,886
120669,416
120777,740400
119313,1845
119375,804408
120787,1874558
120828,718645
127723,253323
127723,438226
139362,158966
120762,51643
120762,176905
120902,101385
118998,858525
120780,1752
73540,1837
120321,264220
118789,1252
120591,881
122151,1149
122718,1102
138704,4716
129387,268370
129387,268380
52077,248
20629,587277
26752,515979
33729,285713
37884,697
36868,943758
45793,3593
47296,1415
48356,542720
55614,730385
55614,4196348
57590,724798
60665,3593
61811,422484
63385,715346
64665,772259
67116,1243
75148,814
79417,914
81283,602
82158,399853
86425,985
89755,1628
93389,934
95953,506022
97239,915
65063,95
67309,1587
87995,7182
100142,1775
91369,1345
88847,996244
89686,794791
93629,751080
95742,1317
97981,394280
101917,3080
80761,192446
82418,591171
83972,591171
87298,957263
89173,826164
91080,572951
95179,119106
97388,373154
77651,118
82495,742819
85636,908890
95271,514546
97474,652860
94862,4043618
99253,480843
103956,70474
84516,1361
91778,1270
95889,792446
70047,1243
76009,958
76009,657853
99528,87861
93409,1149
97733,1149
104714,1149
87363,1102
99700,1102
99700,5062
89218,1149
120746,132709
70723,281507
17136,485
96874,709
99088,709
69113,623768
76054,625379
54649,232902
34492,19282
34492,35899
47478,41
94947,1241
87182,186
95497,217
99674,338
119558,1490
134619,638354
120741,720
120815,229
88814,75859
88814,723704
78869,625379
109287,906548
77305,865709
109520,918873
52722,829038
91059,459170
91149,166256
91149,560329
80861,568546
107120,650905
104437,459170
97523,2653
120768,336620
120783,583600
131857,1878
89853,95
39689,869664
59113,180
83922,5
90203,557752
86423,915
96734,1102
90756,186
89385,434571
61852,718627
61852,19282
48280,314671
48280,414144
97757,166256
97757,615780
104868,378893
104940,5008
104990,650905
55254,314671
55254,527217
46183,314671
46183,414144
81353,265
100477,125186
100477,300265
76618,522028
76618,718627
78158,396421
89908,4555
102803,2653
53285,314671
53285,164203
86336,2338
38969,287836
38969,414144
88161,165
84827,513974
108265,141961
120694,591171
102250,413875
79367,5348
83798,5348
85894,5348
101969,1410
86066,338
87469,229
77869,835
87803,705535
85407,343
91499,175
107665,381699
85382,853546
87050,452607
96787,89940
96787,325778
101272,1756
120631,855035
120832,361
80388,1501
61184,1643802
92513,1060
90305,996244
61584,281507
57372,1471
70016,629363
70016,847314
78480,742034
78480,399524
84649,89940
83791,1345
83791,568
90633,89940
101329,629216
101329,3507609
89469,631
88128,996244
91790,222043
90060,1708
90848,152469
91223,591171
80801,371059
97443,371059
118661,154819
120703,838198
120831,420982
99763,573796
63522,591
88323,583
100240,4306
80391,207357
119517,1438
124595,747849
120611,635759
118301,169874
120901,698493
119778,1970179
94721,318
40746,33
68611,33
58329,33
49470,33
48750,33
44079,33
120577,160602
96446,165
94226,361
120654,756114
37017,33
36342,33
34248,33
30341,33
25452,33
128442,1093
123755,622112
124879,425756
81207,82300
92699,985
96463,1643802
95593,1129
98258,1081
100212,6889
104412,1241
105629,506022
86973,2045
91680,390822
90583,1880
96073,776209
101523,400958
104257,1661
107211,1490
120812,711840
122690,1239
146336,87595
126604,914113
47573,235066
84787,118
105151,265
81554,95
99487,318
120587,201509
120587,5158348
120770,287198
120889,911910
63462,316
82517,316
104952,528718
73440,265
120701,378893
119670,155093
86837,1382
90830,354279
80678,186
144120,950553
120791,1162
147612,1754
118636,1741
120789,2657
120157,27271
118799,905
124819,5295
120877,118
120586,443411
120722,481418
120684,174374
133952,1880
120484,178997
127536,1408
120879,1331
130018,134176
119643,976
89941,464846
73747,285302
91954,7182
91538,1403
50783,19
85244,1410
120660,1716
134067,468335
134067,899329
120623,5124
120623,4056
120533,95
140888,758574
166396,428600
154420,899121
69089,914113
47034,393094
24216,178260
24216,774325
74751,347086
89017,782384
89155,6916
97366,6916
89893,281507
91159,165
91541,907
90264,322515
89489,1361
87928,933505
89822,661577
89822,797526
91777,661577
93756,994077
95882,2887
98105,94288
120595,4306
119304,661751
124198,73871
155975,1814
147004,379179
120324,600
141109,3474
120844,408
120794,152312
120794,9054338
128445,27572
138097,6960
39628,780833
89961,844358
89767,142
89880,181902
83944,467646
95956,3423
89370,853546
88011,709
88933,165
94890,677951
79817,230
84602,230
89927,230
100507,814
88930,528718
90357,506022
90685,582635
87538,814
91326,814
97647,814
97958,154819
128853,1188
120863,517
133751,1675
120751,881038
129290,1723
120686,1060
120633,1873
120857,1874
118564,1707
150915,875793
145734,141033
139699,5367
120458,116497
91225,404754
90768,145309
51622,1752985
91064,343
97368,906901
91875,1382
72271,1361
91877,720
91877,1878
91605,269
91306,1508
91738,338
90555,265363
92493,180257
90863,217
91187,142
92086,484
160862,410769
54167,3836
120784,1338
70544,482537
124298,933505
139462,1502
155776,825434
132477,2653
151804,431918
137338,305405
134273,1708
123209,5190
70334,265
98084,5116
105128,5116
85333,118
84412,165
65377,780833
65377,368871
72308,347086
70909,341
74812,2410633
63442,769874
65462,692872
69768,496746
68408,496746
67065,3249580
122933,601
142192,1226
139134,474955
120735,5363
120646,343260
131646,1991598
57129,4196348
94964,343
54443,727211
118665,7274555
141098,400486
129332,944
139668,142
49408,485943
131369,165
120757,7170747
133093,905154
133093,905152
147800,432627
129280,918873
154506,634240
139239,510731
151738,331532
126250,265
123964,1130
125659,24622
133189,580669
120797,1565
126886,668247
120907,343
137494,750
138510,281869
37913,2031
87799,248054
89652,79471
99422,886
120616,814085
118826,803203
140379,1355
120915,184
23245,5713
82766,675068
78346,1149
81573,504513
81573,1149
86393,504513
94074,2089
21814,115218
21814,5713
21884,1843
73629,788940
44121,638528
44121,1328
46534,5738
49366,796923
84745,127
52151,4196348
125439,585011
139809,750857
128278,5509
145660,5366
120802,1578571
120855,118333
120855,510674
144214,1740835
122541,2711521
130827,878756
142342,240797
119038,891554
99052,550881
158983,5295
120891,1756
162677,490
163651,919369
163651,919363
137363,671210
158811,384722
185937,617130
185937,844896
120663,40
139414,591171
87332,718645
97428,718645
157503,417794
171363,957
141369,446109
149261,1317
132347,882330
163187,5190
49406,40
54331,40
56193,40
72684,40
53198,76
55032,76
91557,1837
91129,6916
90774,757256
88939,229
91530,423646
91419,568
54033,339
93818,95
144168,281598
129167,83348
167404,796117
155267,1532
63688,422484
131325,568
120620,1982723
165710,726472
77663,886
77663,377750
88889,853546
66765,534084
77394,3249580
77394,388198
80339,720
80339,1878
83530,277946
118604,909026
89670,2132
85995,601
95188,1351
94737,1508
100419,240797
102719,505152
96244,1801
107798,1587
85334,7274555
130121,538614
133046,932078
176269,734747
105698,386
156887,464804
91278,2089
73802,1628
104839,1532
120657,1532
120657,341
138304,712444
160236,933505
164108,1900634
125971,180912
145531,906548
164181,462895
118843,1437
97050,368675
88146,422484
63823,242945
169547,5222
181316,562645
126916,600
80491,972
58182,504513
77280,711114
89175,4043618
61385,757256
68473,958
82348,958
108185,750
73812,1692
99558,329
150377,915
120716,440914
140397,1410
164114,776271
134618,5366
120188,751102
162360,407842
79714,181741
86154,2207
56443,41
156934,1628
167427,567126
171804,5303
165854,1752
86200,1887
100802,894204
82089,1410
91042,996244
86617,1837
37674,138893
68699,142
61747,692872
80179,950759
65571,934
95270,914113
37558,180
82979,886
77405,517
33804,2545
34240,2545
38559,896533
52225,517597
85549,1490
104507,912224
61578,3427857
59260,504513
58150,357891
57076,950109
55928,950109
80453,459170
58461,1466
119256,759
104431,1060
137523,399
160916,1661
166896,186
81633,416
83946,1348
78754,2080
97123,95
163988,217
144640,764319
93870,894204
100502,449984
96438,709
96438,931530
82398,322515
97742,322515
70328,357891
59800,950109
185371,540532
120601,5069
119698,594503
120596,802551
145681,637518
140352,520
65088,1628
77355,341
83767,1681
89885,2340
97240,1814
106856,1708
17925,115669
17925,36
78087,1102
55630,41
67525,755963
94012,316
70608,718627
70608,359457
48380,285713
48380,503777
82484,269
65988,671957
86465,484
79540,718645
101669,110
149691,911061
120655,808963
151137,108
190641,951197
190641,354126
101605,662029
34862,762263
34862,2514333
56197,2175
56197,554249
105156,2240
66473,281507
66473,297935
95675,264
84855,1486
86856,725379
94027,579466
93565,422484
68762,1628
59646,591
178737,5390
162661,318
143145,776
185125,264
96061,1149
42546,467396
40522,1120
80979,41
67411,265
32551,285713
33045,523932
87781,506022
73692,797
105265,602
93010,1490
89360,549658
95631,976
99077,1508
101393,165
101889,416
87921,914
146675,1382
120363,5124
120363,105169
172396,1403
158371,95
99165,361
28950,719756
79239,137573
150216,209
205000,2396944
120689,1104
124315,2120
67328,953
51337,432846
166485,855035
182789,1060
164912,591450
120910,19282
120910,110293
175880,759
151568,5139
66892,1643802
64276,454
87231,772259
146838,832089
125664,1232
177789,661751
134119,5237
195945,139867
174856,422484
145653,662029
120866,853380
120834,382956
172493,3506
156812,751221
134983,1353
70903,1628
46359,697
95897,1382
70511,769874
70290,797
65724,706182
97162,637518
77269,769874
107659,704164
83929,2132
106364,22828
106364,456631
100318,772259
120662,254632
104187,562645
76095,6889
104797,490
105417,1915
108147,4886
104389,436
106246,550881
88683,422484
105323,976
105793,790715
108525,839660
104694,1508
105112,637518
103855,413875
104070,709
104231,165
104454,412465
105415,1081
105665,186
105812,5421
103893,476900
104684,247
103905,69715
103905,95298
104815,1675
105477,6854
104291,591171
104040,1274
105046,641
103759,1206
134084,127
105414,775447
144117,240627
163978,965
220099,266255
62376,165412
181984,950226
134847,878638
190138,528718
21749,122
87265,5190
12349,122
184858,1239
185014,436
186045,327064
165798,464
40506,1379
86969,662029
86005,50597
183523,361
142688,591
101698,1900634
78902,946811
91217,770
94812,5421
72890,1486
69704,184
42208,1379
49730,285713
72251,765121
102138,832089
98645,280901
93148,213100
98309,782384
92666,1175
79588,292419
82474,1345
87755,568
46435,624535
195685,1752
195714,939128
95800,269
103074,631
78718,422484
77975,484
91939,490
97216,490
102175,490
71402,935382
36775,697
100758,6625
103060,696309
108308,318795
87985,587518
92675,36582
93105,506022
107050,677953
61735,6452
165929,5647
57261,111656
27977,122
107091,881038
57163,728688
54997,744035
53946,6452
71411,41
75860,229
99871,1490
112950,610496
93378,883609
89457,1149
91445,783544
146882,1241
138749,74426
138749,666802
192614,3418
102057,229
65126,368871
77928,662029
100157,1661
69293,1789
74958,1486
93640,2044
63374,757256
75029,142
186151,387706
122459,1372
160797,1243
183503,6729
77572,357891
97940,464
82031,330619
86927,411477
98067,165
93773,1532
102713,659
82934,706182
191754,858525
144084,366004
171433,1570
166175,640740
83833,506022
68327,2080
56687,3427857
51383,196536
48140,581
85701,1716
74860,772259
80487,601
199725,697656
141926,609236
159097,1068
158622,505152
198021,4062081
189584,841647
154421,1885
93185,794791
172495,631
85970,236769
185183,2337
210616,405336
171359,21899
41716,2045
41716,37
89791,318
104438,921
130623,500343
130623,957798
217630,2132
215129,680846
196216,95
120755,247
184894,223359
15864,122
64757,402597
76752,318150
79574,318150
71807,357891
208003,331532
80365,1707
54953,496746
63518,1874
71230,316
47673,2031
74486,186
59578,1466
70355,692872
86979,1054
86979,1053
97322,460141
89841,1379
99582,1708
84522,7274555
90190,381230
90190,442207
100403,394280
93894,1274
88172,118
87004,626
94631,48491
79501,4306
82694,4306
89530,4306
89530,644695
99141,824
92563,662029
91635,1490
87262,504495
102951,1355
187078,784061
99726,1874
74156,118
93605,941
67741,662953
71360,338
70509,108745
70666,1486
90728,118
69762,517
15648,1178
162650,5436
120913,89940
120913,325778
120630,520485
120630,661910
183505,268370
183505,268380
187393,386
131704,5197
177971,583
76257,484
89118,541677
101846,2207
87175,747849
159382,388198
219854,5509
175142,5540
179116,44803
60176,774
87277,6889
120903,1741
161081,709
210234,354126
210234,951197
52561,695937
104299,614276
103241,568
80310,915
68555,95
73312,95
92048,411631
144528,781842
174480,1040
200550,573589
164052,894204
186566,142
195234,170719
65938,404606
99005,6854
98384,6889
191397,222043
209958,802248
95705,1878
102510,1878
46303,828419
59017,799033
88206,844358
160009,240995
204946,715636
144964,7439
171580,1438
202677,3160
181875,1081
192731,653211
168629,1885
218839,1302
210945,945026
93177,850
95294,709752
88184,464
60397,281507
40068,59106
40068,487237
46876,1877758
24184,1843
208988,443181
212338,5366
180093,4716
170691,1708
208874,527109
205271,265
213790,399737
54387,657162
249462,197636
230030,601
223897,1460
111512,514906
111512,329
229260,75666
160127,629334
146984,602
185431,109359
203019,863387
199753,388817
203230,518836
66995,357891
216216,6854
186894,740400
170016,165
211181,510674
213847,868153
180073,442241
217869,796117
190332,487
190374,813309
228750,431
190865,132709
93748,996244
93428,322515
92106,793802
94291,832089
96969,832089
88850,1353
208092,5363
241303,2120
242423,500444
120917,227540
183659,438
207201,583600
181536,1814
219699,600
247196,773603
162222,709
218967,711840
212346,677953
190590,1054
190590,1053
120202,519
219653,527261
149624,671
146309,2044
181865,1752
189998,580729
93223,519
83564,1379
101757,378893
84434,431
107007,561813
218817,398185
206275,141961
237572,576
102388,612322
95690,677953
95348,5540
209475,788202
92644,1716
86960,976
92654,564319
92695,715916
92718,711114
92965,229
92974,156047
83907,600
93209,958
93260,1102
93300,765121
93437,1708
93493,331998
93507,323787
118694,939182
212985,631
239948,240797
230838,640466
166276,783139
233142,509028
236493,893659
179626,381273
31742,587277
100140,907
100232,853546
91474,520
100486,775447
88000,437596
93857,5387
71771,3427857
215750,269
205873,803203
209144,634240
125022,592400
244970,1282
227538,1675
236784,958
245712,327944
164334,848414
221027,1130
243155,536632
245686,330140
236348,253323
236348,438226
231402,934578
240515,3407375
86250,361
132245,1317
203755,958969
209163,814085
85811,946811
84917,1351
80319,383359
79638,728688
66011,2137
183790,1338
126029,11470
126029,421776
203009,525303
213149,881
102343,490958
101587,881038
95082,626
95647,662029
54047,836328
53221,1328
94142,362
255798,339004
251075,718645
244244,784061
254099,1086
254099,492
65528,1643802
102685,941
45810,1328
48605,697
84805,1628
230011,873779
230011,936374
146316,1740835
240462,139867
232500,3418
212720,229
250224,7082
203119,322242
203632,878756
228786,440913
239395,349183
271027,619599
257106,5540
82136,624102
56217,285713
65777,1120
63227,367431
51036,533241
76786,783
82869,1382
173840,756983
173840,1012102
250494,525659
227445,568
227005,269463
94606,1410
94608,1982723
96764,416
94715,5190
94746,1643802
94889,2044
94894,454
94898,484
94963,887174
95031,568
95174,591
95243,776
95253,222043
95489,89940
95687,907
95963,1353
89907,639321
84296,4306
96101,425540
91949,824
96163,806293
96256,118
96320,718645
96794,229
96928,378893
96933,631
97257,854697
97722,814
97778,2132
97815,911486
163025,2653
265029,5387
162346,959062
248845,593463
133152,318
243655,906476
98206,380705
98273,887
98439,464846
98439,536299
98536,6854
98546,505409
98554,996244
98621,362
108539,458228
247638,5190
266915,711840
94868,219136
80360,1692
252866,736930
181739,268370
181739,268380
230600,24622
261983,1970179
238112,6960
250687,958387
258470,370912
256524,95
261392,808963
228333,118
203166,600546
263488,759207
103596,5509
70917,362736
202470,378893
221218,755261
139654,298807
102316,149
57193,6452
86312,1643802
260866,1219
252501,382956
196229,1774
206314,1093
240890,155093
80549,776
219965,506022
108148,950759
166924,186
66999,796923
67093,422484
120681,400436
120681,400441
272020,527109
200027,1508
243017,500
272152,812200
245674,65284
246578,446819
264796,5563
243133,1054
243133,1053
198781,230032
198781,2603498
267804,939128
252503,519
256380,268370
256380,268380
241527,1060
265087,432627
266987,1716
256009,868219
247425,276062
53472,419
80716,662029
80745,388198
100054,393591
54135,587277
159273,601385
240772,1752
283509,849786
20697,903049
211915,466
277371,302778
259711,1081
259393,492979
265666,27572
101452,382072
268397,1053862
35423,3506
120737,2974550
268995,1104
268978,165
51201,697
248667,520
265086,631
280707,265
277027,625458
285742,286975
120824,2120
74937,7527791
273923,440458
237534,304521
99044,1353
87078,281507
240468,644203
83511,1353
243862,771054
106770,3418
66026,265
245844,721817
265349,671210
281358,788202
293416,727336
250081,1754
265298,506613
233469,1874558
246894,1532
108037,262693
69995,1676
275022,205542
251114,387706
251160,1024
247745,151540
69281,581
238546,753382
265343,619762
74174,6916
216651,159109
50986,5
243736,499726
277434,908824
104254,472386
268695,3507609
268380,917188
268380,757858
120804,27271
284490,223359
264761,379237
245574,190859
76729,624102
187738,868219
266452,362
258000,399
265662,359387
254686,359734
283111,65608
42876,41
76723,1351
264472,585011
264616,200
253867,474955
259446,959034
99892,788234
94137,559
98966,1915
264935,775447
277296,751080
157583,776
247586,81433
211443,410494
235737,142286
104466,95
145487,600
241760,214036
250797,1490
276751,919363
276751,919369
121765,184
278500,2711521
278504,634240
166813,38432
166813,177170
268690,819613
164184,4675
279493,2700
280486,1708
279778,451884
258463,510731
267913,331532
245562,247
238924,136775
275847,213450
275847,761498
181689,229
252444,637518
280590,109359
107438,740568
120912,1756
253556,101385
257044,5222
254455,575523
271367,253819
267626,941
243585,591450
295178,5366
79641,1348
88286,720
88286,1878
286106,796117
287717,1675
279113,37708
309377,142
295701,3418
274309,935863
300532,7082
265459,738796
258153,629272
82186,204473
102059,720
94025,824
303714,5250887
293662,504642
293662,477035
280760,824882
48281,533241
250258,386570
274812,787601
245429,594503
256415,855035
290095,1019493
289765,711840
86373,1548
86373,858686
292644,812
283139,467225
272338,759
298130,893659
95327,847223
76666,824
82432,1837
82949,491626
288477,65284
120679,853380
299117,1071898
297181,858525
304669,501185
298203,436
297884,1331
295297,1060
280609,551076
81455,343
246460,848414
258068,637518
287467,264
307479,1752
133240,166256
133240,615780
110308,1093
58777,256831
289848,601
268126,5069
238380,934483
303933,831690
302640,103744
252076,911061
253754,829
257360,668247
167261,2974550
307901,490
168786,243
217505,217
313737,492909
272207,138620
102492,956052
96283,594503
264464,229
299658,551128
274558,197636
253474,591
85794,217
305711,506613
317248,576987
317248,526199
309593,254786
292506,2044
84237,2719767
84237,710230
251127,677953
300471,229694
287978,425756
106701,145309
74851,1676
289992,662029
302886,680846
278731,343
305669,788202
314353,298807
290673,637615
286499,149446
99776,2140
99699,1837
178868,620378
285531,1410
264395,1532
298814,750
286788,330140
183649,1708
275277,913860
275277,645513
311519,442454
305224,781842
251736,957772
300140,600546
245803,402995
310281,1302
311289,1874558
67800,1603
66769,4196348
60390,76
310910,1226
309698,3506
290334,1741
317303,139867
92067,594503
234215,905154
234215,905152
309530,715636
283900,458251
315327,1723
266543,4056
266543,881279
317740,336620
295700,3343
322259,5436
298228,138927
101410,1054
101410,1053
329028,3474
289043,965
305357,629334
286716,487
333780,379237
181852,609236
324133,654830
325980,893659
311429,635759
172156,881
274166,398185
301199,1241
325703,957
329575,2657
338459,1675
328828,245888
318411,611932
322330,1088717
257076,424800
329101,950553
316356,126
286112,159507
305206,75849
305206,700301
313911,958969
90103,1661
62467,950109
46438,654868
66434,184
41546,357607
100814,881038
57413,1175
75066,1175
88944,504495
68361,320
44741,41
301470,759207
303816,744834
325805,631
285823,1675
335266,1068
103285,7139
70510,953
88993,1681
327137,564827
320691,936482
281686,181741
266489,362
327850,73871
328589,920108
286244,158984
86541,343
55031,6452
74119,1587
92603,2196
103786,505152
106375,199722
101507,5436
85959,1034660
85959,416
65207,404606
102945,747849
210070,269502
102768,1643802
61809,1444462
107692,159109
332379,500
340377,565336
327056,142
138524,1054
138524,1053
266697,233
313542,1219
324216,1197971
311648,373282
316465,866132
306047,1878
328880,86431
328880,1991917
363589,1814
64505,172772
165832,301826
323944,712753
242653,905154
242653,905152
319343,269463
314331,193485
101862,796124
311113,1837
312528,919514
348836,440913
315733,327944
338135,780
307987,959062
338094,591450
300556,1149
99365,600
119167,359734
86567,824
19254,3433
10323,927468
91167,95
102034,611683
102070,499726
77745,442241
99938,718645
102266,1716
70849,934
48424,1452
105104,393661
100404,1587
266308,297935
90022,1410
150662,600546
90142,199722
100935,186
100944,1676
94332,4306
68182,1348
38348,168413
38348,167496
31971,285713
58586,1175
62765,946811
69097,6889
299977,955443
23027,572851
87544,594503
101745,1994
46911,167241
41090,2030
102511,343
26778,939992
26778,332539
318374,962269
298845,6487
325710,1880
319061,318
337741,583600
338466,268370
338466,268380
335119,916424
167260,2974550
304415,1565
337909,170719
315983,1166926
340855,420941
349205,506613
159365,5237
338337,247
316396,389591
343135,357453
37382,1328
47528,19
296042,586281
62803,400731
289879,107774
289879,344259
349825,640334
309987,934
328538,362566
343660,781842
356150,769840
356150,73688
335345,154
301357,65615
317648,2653
335438,680846
60827,5
265208,339004
363988,462895
360009,519
363547,811583
338013,327273
364045,142286
300051,808963
335245,1053
335245,1054
331632,331532
276919,1885
167190,868219
337697,4838
351977,106230
327679,641373
327247,222043
49833,1124
77402,1681
88680,217
378194,233
330793,378144
337563,935095
328107,1716
377092,1088717
338526,814085
332452,583
379217,464
89092,583
70034,167195
58083,1486
62512,318150
86034,322515
86006,449984
62229,578483
103939,277
78966,108745
46268,167241
100050,2132
20640,373511
50613,41
80120,1353
284978,622112
51808,41
86637,95
75784,277
338564,4255726
338564,538320
374546,1104118
70379,217
104346,380705
53779,19
92494,730422
69947,3593
22111,215877
79833,594503
46816,229424
79116,796923
298148,11470
298148,38432
319262,386
332375,200380
304141,190859
363226,1429
296572,878638
356634,382072
327162,568
374900,381478
110857,582635
100133,1994
22913,115218
327437,178997
364725,1098493
362227,229
377752,994254
381707,5540
332280,1024
28772,939992
78163,1175
152930,91
388473,464804
388473,1561203
86873,5348
93693,5190
93886,770961
87597,145309
316654,600
381681,500
349683,298807
357413,570912
356470,743093
343818,1639
390221,551358
372183,339030
327554,685759
368008,1129
368447,796117
333766,103785
369339,520
366551,500444
368933,5190
370263,27271
364751,109359
337921,254786
318627,936838
346156,175775
360201,518644
356618,747849
318462,758574
365748,942367
71877,1486
89560,953
307453,74426
307453,421776
349710,751221
356721,751102
390384,1503403
358135,155093
372588,5295
390022,73871
391198,1234345
375173,796124
375063,668247
361862,1970179
387564,1490123
350258,431
317705,83348
338348,709
362269,174374
317198,452319
308644,286975
368891,5509
275491,264
345950,384864
345950,651706
346491,832089
376541,1643802
385004,955443
349903,1752
359013,333060
364517,1367933
58946,690597
60107,1789
97814,594503
99329,914113
104652,594503
113824,464911
169858,30417
169858,875453
212712,939182
235198,586281
285492,782900
310775,3820072
339291,797869
344510,466
347246,651900
347618,1293863
364385,1234345
364569,3820072
366627,562266
366777,965
368909,1272773
369702,24622
371246,985
372824,56725
373926,1628
374102,448900
375912,891216
377109,620378
405296,500
405159,142
395169,313623
367594,318
423866,1104118
362270,27572
338751,217
293508,1708
361127,975026
385267,919369
290002,5366
375210,768249
357277,101385
393162,141961
353969,94435
363163,386570
398712,724938
382077,689852
372532,453270
347149,594503
386588,855035
360486,1349376
403358,67457
373074,159507
395699,788202
377471,336620
340163,802807
358082,917188
358082,757858
385307,664756
401792,588345
401792,233
318649,252135
332047,268370
332047,268380
371724,1134029
384806,1497918
329774,848414
320661,631
397065,1429471
375679,353673
370986,777
342258,504642
121766,184
369735,525659
351283,201509
351283,569891
398165,781842
352248,165
403508,477129
356910,510731
372784,634240
418819,1681
374536,1188
415978,432380
408777,918326
407304,229
120667,5250887
396269,229694
399201,881
395584,957772
405325,2396944
417001,325204
379786,923736
412019,464
377818,151540
397101,812200
430105,5436
405422,31976
421239,127
387898,359734
355295,416
387131,576987
388482,504642
425123,1088717
377107,6960
399295,629272
404030,630
419706,5647
421054,1716
348333,1301035
402022,476201
404032,220600
408790,777881
121164,318
121164,3292153
385002,6351540
399146,343
379725,587955
385700,634602
385700,1481959
366780,571098
312004,101508
312004,661910
373469,948
388125,436
367089,876
388795,487
368709,1081
433383,123
421238,384825
371257,286975
386140,132709
384680,893659
432348,1135423
365686,5363
418763,5222
371606,227540
433400,474955
365737,300866
414387,942504
435625,551076
330373,1565
358273,3506
294870,1060
406375,269463
416320,95
363771,11470
360717,2974550
397535,551128
356680,80120
365485,791672
408306,229
395251,834893
407265,1053371
369441,661751
402399,517
451094,3820072
414852,603628
450278,744834
456554,329650
443536,249897
443536,250410
401855,936482
412080,2044
396752,428600
414982,939128
383216,506613
408345,518644
370032,934483
450232,1149
427229,223359
438097,757858
434409,574625
454945,275698
427944,718646
454848,490
454841,14960
405094,3697
425210,6476
441909,264
437800,40328
393109,426059
439815,348181
362120,1878
424136,1720541
384537,304521
317919,9190
475276,339030
327084,5158348
327084,456732
409182,583
382625,165
376994,711840
452594,715636
317219,5124
317219,710020
457510,381478
410297,2159
389860,178997
458352,291205
383574,893659
463034,751577
463034,2349665
424345,808963
452637,796117
465624,718645
422720,1068
446059,950553
463985,510912
348150,1741
449059,206760
449059,267512
449467,327944
385880,1481493
417148,254786
457513,95
415306,570912
477347,506613
420223,286975
430357,520
454921,610831
455967,858525
479884,4410
479884,8547363
462590,281945
468489,281396
384793,684336
443543,1139726
436697,1241
486551,151540
445990,179697
450345,1438
387808,431918
414993,4716
354899,327273
387877,361
472043,154
443453,153078
457430,868219
400717,21249
400717,191717
407887,217
404203,276062
455590,531817
206634,190859
482571,634240
418689,142
489270,1135423
424095,101047
424095,271402
396171,878756
381061,132709
366548,4306
366548,171253
453467,1716
457939,583600
365830,528381
450259,1880
449010,266777
479143,230
446755,192845
343737,134
443489,174374
460829,186
465551,264236
498380,142
426883,1024
398808,190780
473308,791248
475394,138620
799949,294997
799949,783536
367959,916424
382932,83348
382932,684342
401711,801
401711,41474
259324,425756
401997,712753
758766,492909
481369,1708
462200,108132
425112,942367
435705,848414
443706,399
486946,65608
416449,811583
468492,94435
416508,418982
490204,82802
822854,298807
389557,894204
427470,291082
445934,330347
445934,817447
462322,1675
462322,744834
396555,4658129
76584,144758
448134,965
486822,142286
450188,196860
488120,387706
453451,70436
413300,600
851578,464804
480025,276349
478311,31976
427327,788202
463854,294379
413267,1198791
413267,401203
907657,138809
449088,893659
780571,262595
460740,1193346
496806,1752
423294,105169
423294,118333
486576,5250887
1028528,233
462504,1348
450385,405632
795368,568
337978,936482
413099,1723
418279,881
373889,946734
762107,240797
445922,853380
787475,1676223
486655,891216
462538,2603498
423977,689343
440963,339030
362225,133899
829482,609549
293564,711840
431197,73871
1077258,1675
381849,3506
465602,8293427
783233,942504
1032846,612816
478134,353673
765443,343
432021,611683
452625,375068
758758,576
480242,373282
838221,27572
465538,6904
805564,318916
389722,1720541
452623,255
443680,231596
808417,1749112
808417,2277869
421082,179221
890870,1135423
861739,655683
765429,631
389790,971239
389790,9054338
292963,1486
401383,773603
477348,1053
477348,1054
799934,327273
426931,792202
756683,770942
442933,709
884328,1104
461770,510674
465494,1164755
385752,919363
480249,1349376
952640,384722
464141,1291105
467406,718646
825232,1661
419887,286975
477139,1058247
408236,318
465234,5509
469494,759
472062,1643802
758730,833779
758730,833780
841046,440458
431308,481418
988595,281945
1038988,49371
1038988,687042
1060277,716257
808506,396074
462499,230
411477,868219
780536,1732981
489099,510731
832266,2726915
443274,871428
416236,1088717
467200,149491
839980,22768
425413,1710
443649,386
200465,2044
451079,371755
451079,553942
808279,359734
813547,752328
472160,657372
468569,634240
478087,525659
800039,831557
857191,565336
481536,1375358
481536,1376383
865556,591450
871426,567112
371746,269463
936501,603628
460791,802248
1033643,1129343
499448,11470
367882,229
1000774,455078
482606,1052162
441773,651706
441773,828970
960144,240797
949731,796117
800080,504642
910970,4056
493464,67457
448157,73871
425061,781842
795421,1630273
373051,108094
409459,811583
838283,570912
443701,141530
859163,3418
497465,95
910936,337773
942385,1774
1185834,1396048
1139797,19247
452608,27271
852713,937748
887883,1053
887883,1054
364970,440913
995039,462895
1059786,142286
981227,813164
758774,631
970411,1481493
467197,601385
1007028,808963
383028,442109
1063669,304541
1032755,5363
479952,201509
479952,569891
824747,142
898367,384825
1010048,965
1010048,849164
830515,286975
430922,906476
1132626,352524
1135985,1890845
455824,525303
397892,397174
397892,930261
1013753,1814
1099212,362566
1129442,576298
914798,379179
970416,220600
918927,788234
1205489,142
870111,165
976051,197636
814314,610831
1125849,4716
421715,399
1068680,715636
985699,1741
960731,788202
959337,5222
1034303,1880
822832,291205
876563,594503
1220719,948159
901476,935095
480669,1443023
834001,851281
1114740,139867
327597,783139
465580,6476
1001508,477129
1069238,847690
1201167,31976
1176740,5222
1155056,357453
448011,1639
1132620,649117
862846,420422
892782,1224299
892782,970447
1091722,609549
1093908,389591
1013752,510912
1226774,406334
1131729,193485
974661,824882
361748,233
473705,531817
1121931,4410
1121931,8547363
1182345,1512910
458525,4303
796366,9190
808151,165
438488,629334
1078912,506613
844286,426059
1127180,600
1049413,230032
1049413,677037
1119646,680846
870984,1885
1111422,1716
1041829,281945
1045778,601
887912,941
1055369,881
1178663,95
1152836,520
1080016,757858
1080016,862211
1022603,1989536
889583,153078
417741,946734
1054606,416
1148204,1429471
1142988,525659
1136608,88955
1135503,1188
1046173,814085
452694,777881
1172570,716347
1305806,2728
472033,9942
1149362,359734
1188729,23355
1234548,381416
1131734,476201
1130080,1752
1034032,4410
1034032,8547363
844471,520488
844471,1321754
1179904,2305431
1019452,1053
1019452,1054
1172233,106
1058017,315041
1058017,2816668
986263,609236
1156398,281508
1174732,771054
386117,5069
1197624,336620
1193138,718646
1233227,340436
1300851,240627
432283,27572
1067106,709
1190080,386
929632,4512313
1259571,919363
878804,359387
1315981,1053530
380510,2974550
1057500,142
780521,166256
780521,615780
499549,116
1230414,583600
988045,5363
1263670,178376
403702,37708
433362,1294961
433362,1294962
1028532,2120
1216492,875793
1037705,400436
1037705,400441
1343097,19242
1235166,2191
1187043,386246
1187064,1247462
1045772,275629
1045772,720135
817230,5190
1130884,217
1216487,19242
814255,1060
1139328,591
455407,252135
989757,2120
1014759,318
947810,339030
1179034,603628
815236,1637768
1038919,855035
1053424,764601
1231587,684336
892769,213450
892769,761498
800320,504642
1250777,891216
1279935,506613
1379182,487166
1228705,269463
1341167,606442
955308,631
1120985,161834
1462758,181579
473075,1565
1226229,831557
1017460,622112
892318,935095
1258197,371955
429493,138620
435761,881279
1399683,335138
892791,2396944
1325004,1720541
1191111,637615
938283,796117
1424381,30735
1323594,1853544
1323594,719208
1375666,634240
1375670,240797
963966,5509
1013743,3506
1155076,958969
842926,158966
944835,637518
485947,233757
427152,5366
1386932,948159
1386588,570912
1320253,230
446029,942367
1440728,179221
889573,330347
889573,817447
985694,542450
985694,1675
1220634,27271
1285016,399
840361,255
1282140,323239
879870,614682
1219342,811583
804497,1349818
804497,281396
1228987,716257
1314655,235719
1055292,75528
1470827,2284484
1334260,738796
1245526,777881
1536044,931095
1231583,680846
1542344,965
1001526,569891
947798,4716
477080,1716
1458175,353673
926084,946734
1504320,393799
398286,1977355
398286,397174
964517,751102
758752,1880
980970,776
1243957,3697
1403865,1053
1403865,1054
1104001,2676052
1588170,453518
970866,919369
1568921,948488
1465522,185848
990407,327273
409847,269463
1219289,1139726
1411238,718645
1189340,1026778
1401152,1429471
1092026,609549
1192628,893659
1385826,1079776
472399,1740835
1464540,142286
1217613,509448
1555149,655683
1564367,240797
1740707,4217
945513,1512910
978764,811583
1591095,1490123
993842,942504
1436562,757858
1527186,1885
800369,110
1596343,510912
1255953,898288
1478338,82450
822847,829820
1298650,551128
1605783,95
478304,517
1411697,680846
1478964,180428
1302011,950775
1270798,891216
1440292,1547964
1532503,590122
1650062,9190
1133985,132709
1284575,440458
1399103,881
1499658,1164861
1216475,5124
1216475,506977
1201607,946734
780504,716347
458339,2653
1570728,275629
1570728,720135
1540133,567620
1632708,323239
1318514,1012501
1454029,853238
1549572,2648685
1189073,264
1598778,1752
1210166,587955
848228,923736
1340800,19247
1832382,1410815
1291584,640334
1124035,123
1306980,1349522
1655442,371890
1675192,2606228
433035,506613
905372,374048
1242460,708903
1637688,629272
1692486,591
1615147,1170855
1634122,2711521
1723811,2588606
1614989,878763
448694,1198791
471042,711840
983193,229
970179,217
1033575,668247
1204342,90386
1324999,174374
1764651,1740835
1392170,2657
1345836,634240
1194173,6904
1515091,5363
1229238,83348
1389137,1081
1568346,399
1496025,617523
1496025,825407
1601913,138620
1675434,619923
1675434,865918
1706593,2503633
1596365,1220140
1599348,1174251
1606389,1302591
1636826,1294036
1482459,719208
1482459,49633
1596350,629334
401729,4056
1232829,520488
1232829,1321754
1646987,509448
1605630,1375358
1605630,1376383
1899353,2153088
1259521,1206844
1440129,73871
1412386,6960
1077368,318
1645170,153078
1409024,1756
1735898,2782185
1446714,631
1748122,27572
1862079,1119880
1277953,201509
1277953,569891
1217209,3366738
1217209,152312
1611224,67457
1307068,1032521
1637725,532235
948470,1989536
1667889,553942
1667889,862211
2125435,1022455
1839492,206760
1839492,267512
1386703,936482
1074638,5222
1790886,5366
1623288,3794438
1623288,271402
1212450,384825
1981677,2746503
1276104,426059
1990314,1500577
1855325,27271
1560747,759
1343727,871428
1855199,43742
1659337,154716
2106476,899121
1397280,576298
1922777,220600
837562,850733
1024648,255
1931533,1732981
1371111,878756
1371111,905154
1772341,601781
1045658,751102
1907668,709
454876,487
443272,229
1673434,174374
1446192,709056
903624,2974550
1790885,941
1588173,1349522
790724,3160
1853728,233
1649419,1291105
1707386,393799
1321870,281508
1428538,2482088
2053463,1752
2024432,1164861
1606378,601385
2209418,500
1583421,160840
1623205,600
481499,210320
481499,761498
2302755,298807
1817273,161834
1483013,2676052
1980209,881
1245492,1698571
1245492,736622
1300854,948
1935179,2606228
1343092,525303
1408101,9190
2234155,506613
1951261,680846
1905041,510912
2347569,876
1815862,796117
1670345,504642
1727388,269542
1727388,711110
770828,811583
2184339,218621
1453405,768959
1663662,868219
816711,286975
1535108,88955
1690953,1853544
1690953,719208
2334879,386
1213663,942367
2404463,82450
1210819,893659
1714206,1242054
1457767,1490123
1430132,3506
1821694,661751
1272878,466349
2334873,95
1723121,1098493
1650554,905592
1411250,878638
2013293,594503
2194499,193485
1454468,190859
1392214,898288
1979320,165
2370248,2308774
1821549,668247
2229499,330687
2278871,444244
1985966,970606
1985966,2329165
1535109,339030
1211956,405632
2024544,2588606
1731141,4303
1981115,851930
790636,885249
2431286,1241
816442,1093053
1951264,1349376
1170358,2974550
1335975,727754
2294629,118333
2294629,2515893
2042568,1053
2042568,1054
993846,217
1800241,751102
359950,1774
1798709,5069
1091191,73871
2140373,359387
1229340,570912
1706620,94435
1714915,464
1205537,110
1840309,1139726
1937390,1885
2316411,898288
2177771,123
1490017,1321754
1490017,520488
1234721,655683
2382009,1885
2278388,27572
816692,634240
2024469,1429471
1253863,1729171
1441395,322242
1843866,751577
1843866,2349665
1959490,4716
2265171,2153088
1872181,1989536
2209764,2892
2692904,1140275
2004420,831557
2872732,108
1877832,1741
831387,2284484
2883512,269463
1980929,138809
1587310,834902
2557490,532235
1631867,510731
2381249,3160
2582846,1837748
2294449,520488
2294449,1321754
455944,298807
1646971,213450
2562232,327944
1065073,500
2109248,881
2582802,3227090
2267998,399
2103281,716257
2884206,2648685
2015381,348181
2333784,1449018
1617661,905154
1617661,905152
1291150,509448
435651,637518
458481,588345
458481,1675
2866360,126096
1790864,1226871
2179136,142
829150,2411495
2397535,1294961
2397535,1294962
3416742,1318596
3416742,169806
2911666,821432
2911666,500610
1872194,229694
2713180,43742
2170593,577647
2872718,319659
2245084,2320658
2245084,930261
470752,307497
1100089,587955
2084970,878763
1791528,759
1951265,1349376
3011894,1167933
2096672,268370
2096672,268380
2980516,5511492
1865505,1119079
369610,1119880
2170439,1890845
3316960,322144
3316960,922903
4046784,1226871
2310332,2974550
2305051,885249
2180411,551128
2788710,1698571
2788710,736622
2802144,891216
2692250,506613
1823672,88955
2446042,576298
1340138,851930
3235888,1379002
1392190,4306
2488496,9190
803096,1512910
2395427,923736
1790809,1461392
1790809,1650283
974015,811583
478970,715636
1502712,2503633
1502712,729701
1431045,2143007
1825683,3363032
4154664,1349818
4154664,281396
4154756,751577
4154756,2349665
4154796,751577
4154796,2349665
3501632,169806
3896198,348181
3498820,751577
3498820,2349665
1211837,220600
3385516,1741
2250912,1218281
2322441,853374
2381111,1259871
2582496,4234
3460252,233
2554274,868219
2381941,275629
2381941,720135
1661199,110
2908446,777881
2224026,5158348
2820852,1490123
2561572,1000113
1964418,83348
1655441,1767218
2126355,679031
2848292,6969
2402927,1331
3464902,487166
3659388,631
3079380,82450
3152624,31976
2096673,230032
2096673,215455
1951266,1349376
2120120,1060
3410834,777881
3183660,946734
2709768,719208
2709768,155528
1386697,43742
1628841,386
2660888,510912
2637276,532235
2293640,49633
2293640,1853544
1979388,812307
1355683,178376
2379713,5222
2080374,965
2975590,811583
3040964,269463
1638355,5363
1663202,327944
1798684,298807
3397884,898288
2361509,583600
3170832,1049433
4178092,249291
4263482,3211470
1398426,336620
1677720,229
4062536,1099918
2719848,466349
1895587,565336
2510894,850733
1477834,1490123
451279,420941
3682448,229
475290,1053
475290,1054
3076658,3363032
1596363,570912
4550098,1053530
2267968,1868917
2267968,950775
2674426,4824763
1179933,870469
2948356,397174
2948356,601781
4698684,169806
3544112,138809
2277860,4056
2277860,533691
3774114,832089
3799694,948
4016934,3820072
1700841,862911
1700841,970447
3553976,743671
3110958,160840
4034354,3453283
4034354,3215397
3065204,1490123
1289401,82450
1489889,1098493
4196776,339030
3263904,142
2005151,680846
2582782,533284
4160708,1793079
1878870,2609807
5700672,3613566
2404435,298807
4975722,1503575
4302938,1325899
1935859,318
3631112,853238
2140479,640334
5311514,1396121
2119532,154
2543164,898288
3783958,3227090
4034228,518836
3741834,204628
3521164,166256
3521164,615780
3748528,2284484
4972582,796117
1355644,878763
4846340,577647
4276820,359387
4116284,3021
4425200,821432
5052448,1443502
3315342,3506
3731562,3611349
5462602,795290
2771200,174374
5726616,345174
1219827,2782185
5442430,1174251
2316204,631
4481414,1989536
3890160,942367
3450958,716257
2239822,108
2406566,500610
5013056,634240
1396484,615592
5362988,792263
1959563,1449018
4649466,891216
1856101,898288
5109784,4716
3532216,510731
5027774,1732981
4925292,1950086
3402236,110
2380307,881279
2380307,2937122
5580036,318916
2283362,440458
4555426,942504
2527336,426059
5580390,868219
4209788,815070
2543472,154716
3521126,290556
6294822,229
1485796,1243905
2798920,307497
5519340,43742
2704998,197855
2704998,326246
5083738,487166
7784604,4170048
5104604,27572
6644200,1024677
4881806,1291105
3606756,83348
5463162,500610
3778644,165
5095030,715636
6499752,1191481
4912910,3160
7349662,490
1517451,177896
1270797,281508
1727824,1741
6412452,1053
6412452,1054
6966692,268380
4633694,2130108
4633694,709056
6320628,1218281
