movieID,genreID
114709,12
114709,15
114709,7
113497,15
113497,7
113497,13
113228,7
113228,17
114885,7
114885,8
114885,17
113041,7
113041,13
113041,17
113277,10
113277,8
113277,5
114319,7
114319,8
114319,17
112302,15
112302,7
112302,8
114576,19
114576,10
114576,5
113189,19
113189,15
113189,5
112346,7
112346,8
112346,17
112896,7
112896,3
112896,0
112453,12
112453,15
112453,8
113987,1
113987,8
113987,9
112760,19
112760,15
112760,7
112641,10
112641,8
114388,8
114388,17
113101,7
112281,15
112281,7
112281,10
113845,19
113845,7
113845,10
113161,7
113161,10
113161,5
112722,8
112722,6
112722,5
112401,19
112401,10
112401,5
114168,8
114168,3
114168,6
113627,8
113627,17
114057,8
114057,17
114011,7
114011,8
114011,17
112682,3
112682,4
115012,10
115012,8
115012,9
112792,1
112792,8
114746,6
114746,4
114746,5
112431,7
112431,8
112431,13
112637,1
112637,8
112637,17
112818,10
112818,8
112697,7
112697,17
114279,8
114279,4
114279,18
112819,19
112819,10
112819,8
114272,1
114272,8
114272,9
113855,19
113855,15
113855,3
114681,7
114681,10
114681,8
113347,7
113347,8
113347,17
114369,10
114369,8
114369,6
114148,12
114148,15
114148,8
114814,10
114814,6
114814,5
113819,7
113819,3
113819,17
112499,7
112499,13
112499,11
113321,7
113321,8
113321,17
110877,1
110877,7
110877,8
113419,8
113419,13
113419,3
116260,10
116260,8
116260,5
113862,8
113862,20
116126,7
116126,10
118002,7
118002,10
118002,17
115683,7
116839,19
116839,4
116839,5
113149,7
113118,7
113118,8
116367,19
116367,10
116367,0
113010,19
113010,17
113010,5
113537,7
113537,8
113537,17
113828,8
113828,9
115644,8
115644,17
114367,0
114367,4
114367,5
112744,8
112744,5
116731,10
116731,8
116731,5
114660,10
114660,8
114660,5
112379,7
112379,8
112365,8
112365,17
118158,15
118158,8
116151,7
116151,15
116151,13
115697,7
113972,19
113972,10
113972,8
117002,8
117002,0
117002,17
114825,7
114825,3
114825,0
115639,7
115639,8
115639,17
115759,19
115759,15
115759,5
113247,10
113247,8
115907,8
115907,5
115734,7
115734,10
115734,8
117102,7
118040,8
118040,6
118040,4
116483,7
116483,11
112579,8
112579,17
117110,19
117110,15
117110,7
112573,1
112573,8
112573,9
75314,10
75314,8
113326,19
113326,7
113326,10
115645,10
115645,8
115645,6
115033,10
115033,8
116606,7
116606,17
103859,7
103859,8
103859,17
109424,7
109424,10
109424,8
116324,7
110647,15
110647,7
110647,13
113451,10
113451,8
113451,5
116130,7
118055,8
118055,17
115685,7
112442,19
112442,7
112442,10
112461,1
112461,10
112461,8
109093,7
109093,10
109093,8
112384,15
112384,8
112384,9
114287,15
114287,1
114287,8
112462,19
112462,15
61395,8
112495,19
112495,15
112495,8
112541,7
109370,7
112642,7
112642,13
112642,3
112688,10
112688,8
112688,6
112715,19
112715,15
112715,6
112740,19
112740,8
112740,5
112851,19
112851,10
112851,5
112857,10
112857,8
112857,6
112864,19
112864,15
112864,5
113071,19
113071,15
113071,8
113114,15
113114,8
113114,13
113243,7
113243,10
113243,8
113464,7
113464,8
113481,19
113481,8
113481,4
113492,19
113492,10
113492,4
113540,8
113677,7
113677,8
113690,0
113690,6
113690,5
113729,7
113729,8
113729,17
113749,7
113749,17
113820,19
113820,15
113820,13
113957,19
113957,10
113957,8
113986,7
113986,17
114194,19
114194,10
114194,8
114323,8
114345,8
114345,17
114436,8
114478,7
114478,8
114496,7
114496,8
114496,17
114508,19
114508,0
114508,4
114558,19
114558,10
114558,8
58450,8
58450,2
58450,17
114682,7
114682,8
114781,19
114781,5
114798,7
114798,8
114887,8
114887,17
114898,19
114898,15
114898,4
111579,8
111579,9
111579,18
112471,8
112471,17
112508,7
112438,8
112438,5
112571,7
112571,8
112679,8
112679,17
109445,7
112883,7
112883,8
112883,17
109635,8
109635,5
109676,19
109676,15
109676,5
109579,8
109579,6
109579,5
109642,10
109642,8
109642,6
109686,7
111797,7
111797,8
111797,17
109759,8
109758,7
109758,10
109758,17
109707,1
109707,7
109707,8
113117,7
113117,8
113117,17
113097,7
113097,17
113198,12
113198,15
113198,7
109771,1
109771,8
109771,20
110005,1
110005,10
110005,8
110066,7
110116,1
110116,8
110116,20
110006,7
110006,8
110006,13
110099,7
110099,17
110148,8
110148,0
110189,7
110189,10
110216,7
110216,17
110216,4
113501,19
113501,10
113501,8
113538,15
113538,7
113538,13
113552,10
113552,8
113552,5
76759,19
76759,15
76759,3
110367,8
110367,13
110367,17
113670,8
113670,13
113670,3
103994,8
103994,17
110322,8
110322,17
110322,18
110443,15
110443,7
110443,13
110391,7
110391,8
110391,17
113691,8
110428,1
110428,7
110428,8
109836,8
109836,0
109836,17
113755,7
113755,13
110538,7
110538,8
110516,7
110516,17
110527,13
110527,3
113808,7
113808,17
113870,8
113870,5
110684,7
110684,8
110638,8
110632,19
110632,10
110632,8
110737,7
110737,17
110729,10
110729,8
114069,19
114069,8
114069,5
110413,19
110413,10
110413,8
110912,10
110912,8
110889,8
110889,17
110932,1
110932,8
110932,9
110963,1
110963,8
110963,9
114214,19
114214,17
114214,5
110907,7
110907,8
111495,8
111495,6
111495,17
108394,8
108394,20
108394,6
111507,7
111507,8
111507,17
114571,7
114571,8
111333,12
111333,7
111333,13
111255,19
111255,8
111255,5
111282,19
111282,15
111282,4
111070,7
111070,8
111070,13
111161,8
111149,10
111149,5
114594,7
114594,10
113936,15
113936,7
110081,8
110081,18
114614,19
114614,7
114614,4
114608,19
114608,3
114608,0
111280,19
111280,15
111280,6
114609,10
114609,8
114609,0
114852,0
114852,4
114852,5
114694,15
114694,7
111590,7
111590,8
111590,17
108550,8
114857,19
114857,10
114857,4
114924,7
114924,8
114924,17
111667,8
110598,7
110598,8
109040,7
109045,7
109045,20
106339,1
106339,8
106339,20
104779,8
104779,17
104779,5
109348,7
109348,10
109444,19
109444,10
109444,8
109446,10
109446,8
109446,6
109484,7
109484,8
109484,17
109504,7
109504,8
109506,19
109506,8
109506,3
109450,1
109450,8
109450,11
109813,7
109813,13
109813,3
109830,8
109830,17
109831,7
109831,8
109831,17
113305,10
113305,8
113305,5
110093,19
110093,7
110093,17
110167,7
110167,8
110167,17
110213,15
110213,13
110213,17
110357,12
110357,15
110357,8
107426,8
111686,3
111686,0
111686,6
110475,19
110475,7
110475,10
110478,19
110478,15
110478,7
110588,1
110588,8
110622,7
110622,10
110771,7
110771,8
110950,7
110950,8
110950,17
105226,10
105226,8
105226,5
110989,7
110989,13
110997,15
110997,10
110997,5
111257,19
111257,15
111257,5
111256,7
111256,17
111438,19
111438,10
111438,4
111503,19
111503,7
111503,5
111693,8
111693,17
111742,8
111742,0
111742,17
111756,15
111756,1
111756,10
111301,19
111301,15
111301,7
110027,19
110027,3
110027,17
113409,8
113409,0
113409,6
106220,7
106220,3
106226,8
106226,17
109068,7
109068,10
109068,20
106292,7
106292,10
109198,19
109198,15
109198,17
109219,7
109219,8
109219,17
106400,7
106400,13
109254,19
109254,7
109254,10
109279,15
109279,8
109279,13
109297,10
109297,8
109297,6
109303,19
109303,10
109303,8
106452,0
106452,4
106471,8
106471,6
106471,17
106489,10
106489,8
106489,17
109361,15
109361,7
109361,17
106519,10
106519,8
106519,5
109439,7
109443,7
109443,6
106582,19
106582,15
106582,5
106598,7
106598,4
109456,6
109456,17
109456,5
109480,7
109480,10
109480,5
109493,19
109493,7
109493,10
106673,7
106673,17
106677,7
106697,19
106697,4
106697,5
106834,7
106834,8
106834,17
106873,7
106873,10
106873,5
106332,8
106332,20
106332,17
106881,8
106881,5
111732,7
111732,8
111712,7
111712,10
111712,6
106918,8
106918,6
106918,5
106965,15
106965,8
106965,13
106977,19
106977,10
106977,8
107004,8
107004,9
107004,16
109890,19
109890,15
109890,10
107076,19
107076,15
107076,8
107144,19
107144,7
112966,7
112966,8
112966,17
107151,8
107151,17
110074,7
110074,8
110074,3
110123,7
110123,18
107206,19
107206,10
107206,8
107207,1
107207,8
108551,1
108551,8
108551,20
107286,19
107286,10
107286,8
107290,19
107290,15
107290,4
107302,10
107302,8
107302,5
110265,10
110265,5
107362,19
107362,15
107362,7
107478,7
107497,10
107497,6
107497,5
107501,8
107507,7
107507,6
107554,10
107554,8
107554,5
116253,19
116253,15
116253,5
107616,7
107616,8
107616,17
107614,7
107614,8
107614,13
107653,7
107653,8
110657,19
110657,8
110657,13
110678,19
110678,8
110678,4
110687,15
110687,7
110687,8
107756,1
107756,8
107756,3
107808,10
107808,8
107808,5
107818,8
107822,8
107822,20
107822,17
107889,19
107889,8
107889,17
111003,0
111003,4
111003,5
110955,7
110955,10
110955,8
107943,8
107943,17
110971,7
110971,8
107969,19
107969,10
107969,8
111001,7
111001,8
107978,19
107978,10
107978,4
107977,15
107977,7
107977,2
107983,10
107983,8
107983,17
105275,10
105275,8
108002,1
108002,8
108002,11
108052,1
108052,8
108052,9
108065,1
108065,8
108071,8
108071,13
108071,3
111127,7
111127,10
111127,5
111143,19
111143,15
111143,10
108101,1
108101,8
108101,17
108122,7
108122,8
111201,7
111201,8
111201,17
108149,7
108149,8
108149,6
108160,7
108160,8
108160,17
108162,8
108162,5
83658,19
83658,4
83658,5
108186,7
108186,8
108186,17
108174,7
108174,17
108238,19
108238,10
108238,6
108255,15
108255,7
108255,13
111400,19
111400,6
111400,17
108328,1
108328,8
108328,20
111418,7
111418,8
111418,17
107688,12
107688,13
107688,3
108333,19
108333,15
108333,7
108358,19
108358,1
108358,8
108399,10
108399,8
108399,17
110763,12
110763,15
110763,7
114906,7
114906,8
110363,7
110363,13
110363,11
111252,7
111252,8
110366,7
110366,13
110366,17
112572,7
99785,7
99785,13
99653,8
99653,3
99653,17
103639,12
103639,15
103639,7
103064,19
103064,4
99348,15
99348,8
99348,16
96895,19
96895,15
102926,10
102926,8
102926,5
29583,12
29583,13
29583,3
101414,12
101414,13
101414,3
32910,12
32910,7
32910,13
100405,7
100405,17
65214,19
65214,15
65214,16
117247,7
117247,8
117247,17
112625,0
112625,5
116282,10
116282,8
116282,5
116552,15
116552,7
116552,13
82509,12
82509,15
82509,3
116514,0
116514,4
117283,7
117283,17
116684,8
116684,17
65421,12
65421,15
65421,7
113613,7
113613,10
113613,8
117381,10
117381,8
117381,6
115509,12
115509,15
115509,13
116275,7
116275,8
117608,7
116414,7
116414,8
116095,8
116095,0
116095,6
115956,19
115956,8
115956,6
117060,19
117060,15
117060,5
117071,8
117071,17
116136,19
116136,15
116136,3
116168,7
116168,11
116683,12
116683,15
116683,13
116287,8
116287,5
116768,7
114787,7
114787,8
114787,18
112536,19
112536,11
117128,7
117128,4
117705,12
117705,15
117705,7
62711,15
62711,7
62711,3
58898,8
58898,6
58898,4
114048,19
114048,15
114048,7
117104,7
117104,8
117104,17
117774,19
117774,10
117774,8
116289,7
116289,10
116289,8
112368,7
112368,8
117420,19
117420,15
117420,8
117107,10
117107,8
117107,6
117979,7
117979,17
95776,12
95776,15
95776,7
115851,7
115851,11
116322,15
116322,13
112817,15
112817,8
112817,3
108500,7
108500,3
117108,7
117108,17
117108,4
115963,8
115963,3
115963,0
116448,7
116448,11
117500,19
117500,15
117500,5
109592,7
109592,0
117998,19
117998,15
117998,5
115624,19
115624,4
113568,12
113568,19
113568,10
117894,3
117894,0
117723,19
117723,7
117768,15
117768,7
115571,4
115571,5
57012,7
108211,8
108211,18
117331,19
117331,15
117331,7
117765,7
117765,10
117765,8
116669,7
116669,8
116669,3
116594,1
116594,8
117951,8
116629,19
116629,15
116629,4
117737,8
117737,6
117737,17
116277,19
116277,8
116277,11
116583,12
116583,8
116583,13
115798,7
115798,8
115798,5
116778,7
116778,11
116213,19
116213,8
116213,5
117218,7
117218,17
117218,4
116040,19
116040,15
116040,8
116365,7
116365,3
116365,0
116905,8
116905,6
116493,7
116493,8
116493,13
117333,8
117333,3
117333,17
117628,7
117628,8
117628,17
117913,10
117913,8
117913,5
116320,19
116320,15
116320,10
116756,7
116756,13
116756,3
118073,7
115472,15
115472,8
115472,13
116707,7
116707,3
116707,2
116313,7
117438,19
117438,10
117438,5
116531,7
116531,10
116531,17
115857,19
115857,8
115857,4
117008,7
117008,13
117008,3
116191,7
116191,8
116191,17
115986,19
115986,10
115986,3
117826,7
117826,3
117826,0
117718,8
116225,19
116225,15
116225,4
115632,1
115632,8
117918,7
117918,8
117918,17
68646,10
68646,8
104558,19
104558,7
104558,10
115736,10
115736,17
115736,5
120004,0
120004,6
120004,4
116654,0
116654,4
116654,5
116311,13
116311,7
115783,19
115783,7
115783,10
113253,0
113253,5
117991,7
117991,8
117991,17
32904,7
32904,17
45152,7
45152,2
45152,17
43278,8
43278,2
43278,17
50419,7
50419,2
50419,17
54698,7
54698,8
54698,17
52357,6
52357,17
52357,5
47396,6
47396,5
25316,7
25316,17
36855,10
36855,8
36855,6
53125,15
53125,6
53125,5
53604,7
53604,8
53604,17
53291,7
53291,20
53291,17
56923,7
56923,6
56923,17
34583,8
34583,17
34583,18
33870,14
33870,6
58385,8
58385,13
58385,2
47437,7
47437,8
47437,17
46250,7
46250,17
31580,7
31580,8
31580,13
37059,7
37059,8
37059,13
32138,15
32138,13
32138,3
31381,8
31381,9
31381,17
84370,7
84370,8
43014,8
43014,14
33467,8
33467,6
62622,15
62622,4
42192,8
32976,8
32976,6
32976,17
32484,19
32484,17
32484,5
38787,8
38787,14
38787,17
38109,14
38109,6
38109,17
50105,8
50105,2
50105,17
48728,6
48728,17
48728,5
42451,7
42451,17
31725,7
31725,17
51658,7
51658,2
51658,17
29843,19
29843,15
29843,17
37008,8
37008,14
37008,6
39420,7
39420,8
39420,3
29162,15
29162,8
29162,3
27125,7
27125,2
27125,17
35446,7
35446,18
28010,7
28010,8
28010,17
49261,8
49261,16
48028,8
25878,7
25878,10
25878,6
32599,7
32599,8
32599,17
48960,15
48960,7
48960,13
38650,8
38650,13
38650,3
31679,7
31679,8
29947,7
29947,13
29947,17
26029,6
26029,5
63350,0
63350,5
43265,15
43265,8
43265,17
51459,8
33891,7
33891,8
33891,17
116329,15
116329,8
116329,13
117039,1
117039,8
117039,5
115678,8
115678,17
116830,19
116830,10
116830,8
115438,7
115438,10
115438,5
116259,10
116259,8
116259,6
116421,19
116421,7
116421,10
116000,19
116000,7
116000,8
115862,10
115862,8
115862,5
72653,7
72653,13
72653,16
72951,15
72951,13
72951,3
64603,7
64603,13
64603,11
50798,15
50798,8
50798,13
55277,7
55277,13
55277,17
54195,7
54195,8
54195,13
107131,15
107131,7
107131,8
53271,13
53271,7
53271,3
54357,15
54357,13
59793,7
59793,10
59793,13
46672,15
46672,8
46672,13
106611,15
106611,7
106611,13
109127,7
109127,13
109127,3
42332,12
42332,13
42332,3
38166,12
38166,7
38166,13
57546,12
57546,15
57546,7
102798,19
102798,15
102798,8
58331,7
58331,13
58331,3
33563,12
33563,8
33563,13
76538,12
76538,15
76538,7
66817,12
66817,15
66817,7
43274,12
43274,15
43274,13
82406,12
82406,15
82406,8
116361,7
116361,10
116361,8
59742,1
59742,8
59742,13
95016,19
95016,5
104692,0
104692,4
117589,7
117589,8
117887,7
117887,8
117887,20
117924,8
117924,3
117924,17
115640,7
115640,8
115640,17
116908,19
116908,10
116908,8
116409,15
116409,8
116409,5
117958,7
117958,8
116242,7
116242,2
116242,17
117509,8
117509,17
117802,7
117802,8
117665,10
117665,8
117665,5
29546,7
29546,2
29546,17
67992,13
67992,3
67992,2
70707,7
70707,4
66808,7
95159,7
95159,10
79470,7
84865,7
84865,20
84865,2
68334,7
68334,8
59243,19
59243,15
59243,7
61418,19
61418,1
61418,10
52027,15
52027,8
46912,10
46912,5
92890,8
92890,20
92890,17
105236,10
105236,8
105236,5
91763,8
91763,18
98627,15
98627,7
98627,10
103772,8
103772,6
103772,5
101761,1
101761,8
101761,20
104036,10
104036,8
104036,17
104348,10
104348,8
104348,6
84707,8
84707,17
83866,13
83866,4
29992,8
29992,13
29992,3
99371,19
99371,8
99371,11
92099,19
92099,8
48545,8
44081,8
117318,1
117318,8
82846,8
72081,7
72081,10
72081,6
101775,7
101775,8
101775,3
96754,15
96754,8
96754,6
80749,0
80749,5
82340,19
82340,15
82340,4
82533,0
91288,7
91288,8
91480,7
91480,8
81375,7
81375,18
71853,15
71853,7
71853,3
84589,1
84589,10
84589,8
78875,8
78875,18
103850,7
103850,8
95765,8
97108,10
97108,8
101700,7
101700,10
101765,8
101765,3
101765,20
101811,8
50825,8
50825,18
99703,10
99703,8
99703,5
116209,8
116209,17
116209,18
102426,7
102426,8
102426,18
97937,1
97937,8
98724,8
105107,8
105488,7
105488,8
105488,20
101026,7
101026,10
101026,8
73486,8
78446,7
78446,20
80684,19
80684,15
80684,3
93779,15
93779,13
93779,3
82971,19
82971,15
88846,8
88846,4
90605,19
90605,15
90605,4
60196,16
94336,7
94336,8
50083,10
50083,8
56172,15
56172,1
56172,8
66921,10
66921,8
66921,4
56592,10
56592,8
78788,8
78788,6
78788,18
64116,16
86190,19
86190,15
86190,3
93191,8
93191,3
93191,17
41959,14
41959,6
41959,5
99685,1
99685,10
99685,8
78748,0
78748,4
106308,7
106308,3
106308,0
95250,15
95250,8
95250,11
89881,19
89881,8
89881,18
97202,19
97202,10
97202,8
54215,0
54215,6
54215,5
80455,15
80455,7
80455,10
71562,10
71562,8
93058,8
93058,18
97499,19
97499,1
97499,8
86879,1
86879,8
86879,9
45061,7
45061,8
45061,17
87843,10
87843,8
81398,1
81398,8
81398,11
75686,7
75686,17
86197,15
86197,1
86197,8
79944,8
79944,4
82096,15
82096,8
82096,5
70735,7
70735,10
70735,8
67185,7
67185,8
67185,17
103130,7
103130,8
50976,8
50976,3
85859,7
85859,8
88247,19
88247,4
103873,19
103873,7
103873,3
97441,1
97441,8
97441,9
100519,7
100519,8
79522,7
79522,8
79522,17
100150,10
100150,8
100150,5
97165,7
97165,8
61722,7
61722,8
61722,17
52311,10
52311,8
52311,14
100263,19
100263,5
50212,15
50212,8
50212,18
56801,8
71315,8
71315,6
71315,5
43456,8
43456,4
40897,15
40897,8
40897,16
92610,7
92610,0
92610,4
23969,7
23969,2
23969,18
88794,7
88794,17
81505,8
81505,0
92005,15
92005,8
22100,10
22100,6
22100,5
92991,19
92991,7
92991,3
57115,15
57115,8
57115,9
77416,8
77416,18
82269,5
107048,7
107048,3
107048,17
105695,8
105695,16
56218,8
56218,5
100436,7
100436,8
100436,20
36613,7
36613,10
36613,5
88763,15
88763,7
88763,4
101921,8
66206,1
66206,8
66206,18
90967,7
90967,10
90967,8
94625,12
94625,19
94625,4
91203,19
91203,15
91203,3
61512,10
61512,8
99334,7
99334,8
99334,9
72431,7
102536,7
102536,8
101640,8
101640,9
101640,17
32553,7
32553,8
32553,18
32455,12
32455,13
32455,3
44706,8
44706,5
44706,16
38355,10
38355,14
38355,6
97493,7
97493,10
81534,8
81534,3
81534,17
52618,15
52618,8
52618,9
88258,7
88258,20
94006,8
94006,17
97576,19
97576,15
78841,7
78841,8
83987,1
83987,8
83987,9
96332,8
96332,17
91867,8
91867,17
89886,7
89886,17
89886,4
84503,8
84503,3
84503,20
87553,1
87553,8
87553,9
89606,8
89606,7
49223,19
49223,15
49223,4
97351,8
97351,13
97351,3
73341,15
73341,9
73341,18
64115,1
64115,10
64115,8
87884,8
101458,19
101458,8
101458,4
98635,7
98635,8
98635,17
103644,19
103644,0
103644,4
82010,7
82010,0
78767,0
56869,8
56869,0
56869,6
51418,0
51418,4
103874,0
26138,8
26138,0
26138,4
103919,0
103919,5
101540,10
101540,5
55824,8
55824,5
74285,0
83722,3
83722,0
83722,5
87800,0
13442,3
13442,0
75005,0
117057,7
117057,8
117057,17
115751,8
117731,19
117731,15
117731,8
117631,1
117631,8
117631,20
117666,8
116705,15
116705,7
116705,13
117372,7
117372,8
117372,3
115988,8
115988,9
115433,15
115433,7
115433,10
99423,19
99423,5
79945,15
79945,6
79945,4
102975,19
102975,15
102975,4
98382,19
98382,15
98382,3
84726,19
84726,15
84726,4
88170,19
88170,15
88170,4
92007,15
92007,7
92007,4
103776,19
103776,10
103776,3
96487,19
96487,16
100994,19
100994,16
77631,2
77631,17
84021,7
84021,8
84021,2
100114,19
100114,15
100114,10
105690,19
105690,5
73195,15
73195,5
77766,15
77766,0
77766,5
85750,15
85750,0
85750,5
117119,15
117119,7
116996,7
116996,4
116695,7
116695,8
116695,17
93822,7
93822,10
94155,7
94155,8
105435,7
105435,10
105435,8
116999,8
116410,8
116410,9
115641,12
115641,15
115641,7
117571,0
117571,6
104691,19
104691,15
104691,8
117038,7
117038,8
117038,3
116477,8
117091,7
117091,8
116250,1
116250,8
116250,9
67959,15
67959,8
119731,19
119731,10
119731,8
119115,7
116704,19
116704,15
116704,7
118708,19
118708,7
119664,19
119664,7
119664,10
118928,19
118928,15
118928,5
106387,7
106387,8
106387,17
119640,19
119640,7
116790,7
116790,8
116790,20
118111,7
118691,7
118691,17
119141,7
119141,8
119141,17
118548,19
118548,10
118548,8
120434,7
116922,6
116922,5
119008,1
119008,10
119008,8
118750,7
118750,17
119432,7
119432,13
119951,1
119951,7
119951,8
120053,19
120053,15
120053,17
120152,10
120152,8
120152,6
115964,8
116041,7
116041,8
119528,7
119528,3
120094,1
120094,8
120094,20
118972,19
118972,10
118972,8
119381,8
119381,17
118615,19
118615,15
118615,0
119229,19
119229,7
119229,10
118541,15
118541,7
118541,10
120032,7
120461,19
120461,8
120461,4
118655,15
118655,7
118771,10
118771,8
118771,6
119116,19
119116,15
119116,4
117615,7
117615,8
117615,20
118556,7
118556,17
115744,7
115744,8
115744,17
119567,19
119567,15
119567,4
118880,19
118880,10
118880,5
114134,8
120179,19
120179,15
120179,10
118688,19
118688,4
119282,12
119282,15
119282,7
119738,7
119738,8
119738,17
119094,19
119094,10
119094,4
119654,19
119654,15
119654,7
118884,8
118884,6
118884,4
119173,19
119173,8
119173,18
82198,19
82198,15
82198,3
119190,19
119190,15
119190,7
118887,10
118887,8
118887,5
119081,0
119081,4
119081,5
120177,19
120177,8
120177,0
118570,7
118570,8
118570,13
119896,7
119896,8
119896,17
119361,7
119361,8
118883,19
118883,6
118883,5
119675,0
119675,4
118571,19
118571,8
118571,5
99810,19
99810,15
99810,5
102494,8
119360,7
119360,17
119051,19
119051,15
119051,8
119874,19
119874,5
119488,10
119488,8
119488,6
120102,15
120102,1
120102,8
119468,10
119468,8
119468,6
120524,3
120524,0
119174,19
119174,8
119174,6
120399,10
120399,8
120399,5
120402,8
119349,8
118842,7
118842,8
118842,17
119164,7
119164,8
119280,1
119280,8
119280,9
119345,0
119345,6
118971,8
118971,6
118971,5
119324,7
119324,8
119177,8
119177,4
119177,5
119535,7
119535,10
119535,3
119080,8
83131,7
83131,18
118689,15
118689,7
118689,13
119592,10
119592,8
119592,5
119978,10
119978,8
119978,5
118749,8
90329,10
90329,8
90329,17
120201,19
120201,15
120201,4
107282,8
120148,7
120148,8
120148,3
119707,19
119707,15
119707,3
120382,7
120382,8
120382,4
120520,8
120520,17
119994,10
119994,8
119994,5
119395,19
119395,10
119395,8
118617,12
118617,15
118617,8
120483,7
120483,10
120483,8
118583,19
118583,0
118583,4
118607,1
118607,8
118607,9
118632,8
118804,7
118804,8
118954,7
119137,7
119137,13
119137,4
119217,8
119217,17
119303,19
119303,7
119303,10
119668,10
119668,8
119668,6
119715,7
120082,0
120082,6
120255,8
120338,8
120338,17
120347,19
120347,15
120347,5
119925,19
119925,15
119925,8
119314,8
119314,17
119314,16
119396,10
119396,8
119396,5
119485,1
119485,8
119485,9
118715,7
118715,10
118715,11
119590,8
119223,8
119223,17
120885,7
120885,8
118929,6
118929,4
118929,5
120696,19
120696,10
120696,8
120693,7
120693,10
119099,19
119099,10
119099,8
120185,7
120185,13
120185,20
118956,19
118956,15
118956,0
120008,19
120008,10
120008,5
118747,19
118747,7
118747,10
120888,7
120888,20
120888,17
120184,19
120184,6
120184,4
119822,7
119822,8
119822,17
99939,10
99939,5
120873,19
120873,10
120873,5
119574,7
119574,8
120241,7
120241,10
120241,8
120744,19
120744,15
120744,8
120890,10
120890,8
120890,6
125454,15
125454,7
125454,8
119250,10
119250,8
119250,17
119942,7
119942,8
120772,7
120772,8
120772,17
120738,19
120738,15
120738,13
120749,19
120749,10
120749,8
120176,8
120176,6
120176,5
120632,8
120632,3
120632,17
120728,7
120728,8
120728,20
124718,8
124718,11
120906,7
120906,10
120906,8
118755,15
118755,7
118755,13
117786,19
117786,7
117786,10
120841,19
120841,0
120841,4
120609,19
120609,7
120609,10
119683,10
119683,8
119683,9
118866,7
118866,8
120647,19
120647,8
120647,17
120685,19
120685,4
120685,5
118798,7
118798,8
118798,17
120669,15
120669,7
120669,8
120777,7
120777,8
120777,17
119313,8
119313,17
119375,10
119375,6
119375,5
120787,10
120787,8
120787,5
120828,19
120828,15
120828,7
127723,7
127723,17
139362,8
139362,17
120762,12
120762,15
120762,13
120902,8
120902,6
120902,4
118998,7
118998,13
118998,3
120780,7
120780,10
120780,8
73540,8
73540,6
120321,7
120321,8
118789,7
118789,8
118789,17
120591,19
120591,15
120591,4
122151,19
122151,10
122151,5
122718,19
122718,15
122718,7
138704,8
138704,0
138704,6
129387,7
129387,17
52077,0
52077,4
20629,8
20629,18
26752,15
26752,1
26752,8
33729,8
33729,13
37884,8
37884,14
36868,8
36868,17
36868,18
45793,8
45793,17
45793,18
47296,10
47296,8
47296,5
48356,8
48356,17
55614,10
55614,8
55614,2
57590,15
57590,7
57590,9
60665,1
60665,8
60665,9
61811,10
61811,8
61811,6
63385,8
63385,13
63385,2
64665,8
67116,19
67116,10
67116,8
75148,8
75148,11
79417,8
81283,8
82158,1
82158,8
82158,11
86425,7
86425,8
89755,1
89755,8
89755,17
93389,1
93389,8
93389,9
95953,8
97239,8
65063,7
65063,10
67309,10
67309,6
67309,5
87995,19
87995,7
87995,10
100142,7
100142,8
100142,17
91369,15
91369,13
91369,3
88847,7
88847,8
89686,0
93629,3
93629,0
95742,0
97981,3
97981,0
101917,3
101917,0
80761,0
80761,6
80761,5
82418,0
82418,6
82418,5
83972,0
83972,5
87298,0
87298,5
89173,0
89173,6
89173,5
91080,0
91080,5
95179,0
95179,5
97388,15
97388,0
97388,5
77651,0
77651,5
82495,0
85636,0
85636,6
85636,4
95271,0
95271,5
97474,0
97474,5
94862,3
94862,0
94862,5
99253,0
99253,5
103956,0
103956,5
84516,0
84516,5
91778,0
95889,0
95889,5
70047,0
76009,0
99528,8
99528,0
99528,6
93409,19
93409,10
93409,5
97733,19
97733,10
97733,5
104714,19
104714,10
104714,5
87363,7
87363,3
87363,0
99700,7
99700,3
99700,0
89218,15
89218,7
89218,13
120746,19
120746,15
120746,7
70723,10
70723,6
70723,4
17136,8
17136,4
96874,15
96874,7
96874,4
99088,15
99088,7
99088,4
69113,19
69113,15
69113,8
76054,7
76054,13
76054,3
54649,7
54649,13
54649,3
34492,12
34492,8
34492,13
47478,19
47478,15
47478,8
94947,8
94947,17
87182,19
87182,15
87182,4
95497,8
99674,10
99674,8
119558,8
119558,17
134619,0
134619,6
134619,4
120741,7
120741,10
120815,8
120815,18
88814,12
88814,19
88814,15
78869,19
78869,4
109287,7
109287,10
109287,13
77305,7
77305,13
77305,4
109520,7
109520,8
109520,13
52722,15
52722,13
52722,3
91059,15
91059,7
91059,13
91149,12
91149,15
91149,13
80861,15
80861,7
80861,13
107120,7
107120,13
107120,3
104437,15
104437,7
104437,13
97523,15
97523,7
97523,13
120768,19
120768,10
120768,8
120783,15
120783,7
120783,8
131857,7
131857,11
89853,7
89853,3
89853,17
39689,10
39689,8
39689,14
59113,8
59113,17
59113,18
83922,8
90203,8
86423,8
86423,20
96734,7
96734,6
96734,5
90756,8
90756,6
90756,5
89385,15
89385,13
61852,12
61852,15
61852,13
48280,12
48280,15
48280,7
97757,12
97757,13
97757,3
104868,7
104868,8
104868,13
104940,7
104940,8
104940,13
104990,8
104990,13
104990,9
55254,12
55254,15
55254,7
46183,12
46183,15
46183,13
81353,15
81353,7
81353,13
100477,12
100477,15
100477,10
76618,12
76618,15
76618,7
78158,13
78158,15
78158,4
89908,15
89908,13
89908,3
102803,19
102803,15
102803,13
53285,12
53285,13
53285,3
86336,3
86336,6
86336,5
38969,12
38969,7
38969,13
88161,7
88161,3
88161,17
84827,19
84827,15
84827,4
108265,8
108265,20
120694,0
120694,5
102250,7
102250,8
102250,3
79367,7
83798,7
83798,10
83798,6
85894,7
85894,17
85894,4
101969,10
101969,8
86066,10
86066,8
87469,19
87469,15
77869,12
77869,15
77869,3
87803,8
87803,4
85407,8
85407,0
85407,4
91499,19
91499,7
91499,0
107665,10
107665,8
107665,3
85382,0
85382,5
87050,0
87050,5
96787,12
96787,7
96787,8
101272,7
101272,3
120631,7
120631,8
120631,17
120832,10
120832,6
120832,5
80388,10
80388,8
80388,17
61184,8
92513,15
92513,7
92513,10
90305,7
90305,17
90305,4
61584,15
61584,7
61584,13
57372,7
57372,17
57372,4
70016,12
70016,13
70016,2
78480,12
78480,15
78480,8
84649,12
84649,15
84649,8
83791,15
83791,13
83791,3
90633,12
90633,15
90633,7
101329,12
101329,15
101329,13
89469,15
89469,3
89469,17
88128,7
88128,17
91790,7
91790,8
91790,17
90060,8
90060,17
90848,15
90848,8
90848,3
91223,7
91223,3
91223,0
80801,15
80801,7
97443,7
118661,19
118661,15
118661,4
120703,7
120703,8
120703,17
120831,7
120831,8
99763,1
99763,10
99763,8
63522,8
63522,0
88323,15
88323,8
88323,13
100240,15
100240,8
100240,13
80391,15
80391,7
80391,0
119517,7
119517,8
119517,17
124595,8
124595,17
124595,5
120611,19
120611,0
120611,4
118301,7
120901,19
120901,7
120901,5
119778,7
119778,8
119778,17
94721,7
94721,3
40746,10
40746,8
40746,6
68611,5
58329,10
58329,8
58329,6
49470,8
49470,5
48750,7
48750,6
44079,10
44079,14
44079,5
120577,8
120577,20
96446,19
96446,15
96446,8
94226,10
94226,8
94226,5
120654,7
37017,8
37017,18
36342,5
34248,6
34248,5
30341,6
30341,5
25452,10
25452,6
25452,5
128442,10
128442,8
123755,8
123755,6
123755,4
124879,7
124879,8
124879,13
81207,7
81207,8
81207,13
92699,7
92699,8
92699,17
96463,7
96463,8
96463,17
95593,7
95593,10
95593,17
98258,7
98258,8
98258,17
100212,7
100212,10
104412,7
104412,8
104412,17
105629,15
105629,7
105629,8
86973,7
86973,17
91680,7
91680,17
90583,7
90583,8
90583,17
96073,8
96073,3
96073,0
101523,7
101523,3
101523,17
104257,8
104257,5
107211,8
107211,17
120812,19
120812,7
120812,10
122690,19
122690,10
122690,5
146336,0
146336,6
146336,5
126604,7
126604,8
47573,0
47573,4
84787,0
84787,6
84787,4
105151,7
105151,10
105151,8
81554,7
81554,8
99487,8
99487,3
99487,17
120587,12
120587,15
120587,7
120770,7
120770,20
120770,17
120889,8
120889,3
120889,17
63462,7
63462,20
82517,7
82517,9
82517,2
104952,7
104952,10
73440,7
73440,8
73440,20
120701,7
120701,8
119670,7
119670,8
86837,15
86837,6
86837,4
90830,8
90830,17
80678,1
80678,8
144120,7
144120,0
120791,7
120791,8
120791,3
147612,7
147612,8
118636,10
118636,8
118636,5
120789,7
120789,8
120789,3
120157,19
120157,8
120157,4
118799,7
118799,8
118799,17
124819,7
120877,19
120877,0
120877,5
120586,8
120722,7
120722,8
120722,17
120684,1
120684,8
133952,19
133952,5
120484,7
120484,11
127536,1
127536,8
127536,9
120879,8
120879,20
130018,0
130018,6
119643,8
119643,3
119643,17
89941,19
89941,15
89941,8
73747,0
73747,6
73747,4
91954,1
91954,8
91954,20
91538,10
91538,8
91538,17
50783,8
85244,7
85244,8
120660,19
120660,5
134067,12
134067,15
134067,7
120623,12
120623,15
120623,7
120533,7
120533,8
140888,8
166396,7
154420,8
69089,7
69089,10
47034,19
47034,8
47034,0
24216,15
24216,0
24216,4
74751,15
74751,0
89017,7
89017,8
89155,7
89155,10
89155,6
97366,7
97366,10
97366,6
89893,19
89893,15
89893,3
91159,7
91159,8
91541,7
90264,19
90264,15
90264,5
89489,19
89489,0
89489,6
87928,7
89822,7
91777,7
93756,7
93756,10
95882,7
95882,10
98105,7
98105,10
120595,15
120595,7
120595,8
119304,7
119304,17
119304,8
124198,7
124198,10
124198,5
155975,0
155975,6
155975,5
147004,7
147004,8
147004,20
120324,10
120324,8
120324,5
141109,7
141109,8
141109,13
120844,19
120844,15
120844,4
120794,12
120794,15
120794,8
128445,7
128445,8
128445,17
138097,7
138097,8
138097,9
39628,7
39628,8
39628,13
89961,15
89961,13
89961,3
89767,8
89767,16
89880,19
89880,15
89880,5
83944,19
83944,15
95956,19
95956,15
89370,19
89370,15
89370,7
88011,19
88011,15
88011,7
88933,7
88933,8
88933,4
94890,15
94890,7
94890,6
79817,8
79817,11
84602,8
84602,11
89927,8
89927,11
100507,8
100507,11
88930,7
88930,10
88930,6
90357,15
90357,3
90357,6
90685,7
90685,17
90685,11
87538,19
87538,8
87538,13
91326,19
91326,13
91326,17
97647,19
97647,8
97647,13
97958,7
128853,7
128853,8
128853,17
120863,8
120863,18
133751,0
133751,4
120751,19
120751,15
120751,13
129290,1
129290,7
129290,8
120686,7
120686,8
120633,8
120857,7
120857,8
120857,18
118564,8
118564,6
118564,5
150915,1
150915,8
150915,20
145734,7
145734,8
145734,17
139699,7
139699,8
139699,17
120458,19
120458,0
120458,4
91225,19
91225,15
91225,7
90768,8
90768,3
90768,17
51622,8
51622,0
51622,4
91064,8
91064,0
91064,4
97368,8
97368,0
97368,4
91875,19
91875,7
91875,10
72271,0
91877,7
91877,10
91605,10
91605,8
91605,6
91306,7
91306,17
91306,5
91738,7
91738,8
91738,3
90555,19
90555,15
90555,7
92493,19
92493,15
92493,7
90863,8
90863,11
91187,8
91187,18
92086,7
92086,16
160862,7
160862,17
54167,8
54167,0
54167,5
120784,19
120784,10
120784,8
70544,12
70544,4
124298,7
124298,8
124298,17
139462,8
139462,17
155776,7
155776,10
155776,5
132477,1
132477,8
132477,13
151804,7
137338,7
137338,8
137338,17
134273,10
134273,8
134273,6
123209,7
123209,8
123209,17
70334,7
70334,10
70334,8
98084,3
98084,0
98084,5
105128,3
105128,0
85333,0
85333,5
84412,7
65377,19
65377,8
65377,5
72308,19
72308,8
72308,5
70909,19
70909,4
70909,5
74812,19
74812,4
63442,15
63442,4
65462,19
65462,15
65462,4
69768,19
69768,4
68408,19
68408,4
67065,19
67065,4
122933,7
122933,10
142192,19
142192,10
142192,8
139134,8
139134,17
120735,19
120735,7
120735,10
120646,8
131646,19
131646,15
131646,4
57129,0
94964,8
94964,0
94964,5
54443,0
54443,4
118665,7
118665,10
118665,13
141098,7
141098,17
129332,15
129332,7
129332,0
139668,10
139668,8
139668,6
49408,1
49408,8
49408,2
131369,7
131369,8
120757,19
120757,10
120757,5
133093,19
133093,4
147800,7
147800,8
147800,17
129280,7
154506,10
154506,6
154506,5
139239,7
139239,10
151738,7
151738,8
151738,17
126250,7
126250,8
123964,7
123964,10
123964,8
125659,8
125659,6
125659,4
133189,7
133189,8
133189,20
120797,7
120797,8
120797,17
126886,7
126886,8
126886,17
120907,0
120907,4
120907,5
137494,19
137494,10
137494,17
138510,7
138510,3
138510,0
37913,10
37913,8
37913,14
87799,7
87799,0
87799,4
89652,19
89652,15
89652,7
99422,19
99422,7
99422,10
120616,19
120616,15
120616,3
118826,7
118826,8
140379,7
140379,3
140379,17
120915,19
120915,15
120915,3
23245,3
23245,0
82766,1
82766,8
78346,19
78346,15
78346,8
81573,19
81573,15
81573,4
86393,19
86393,15
86393,7
94074,19
94074,15
94074,4
21814,8
21814,3
21814,0
21884,8
21884,0
21884,17
73629,7
73629,2
44121,0
44121,4
46534,19
46534,4
46534,5
49366,8
49366,0
49366,4
84745,0
84745,4
52151,19
52151,8
52151,18
125439,7
125439,8
125439,17
139809,6
139809,4
139809,5
128278,8
128278,5
145660,19
145660,15
145660,7
120802,8
120802,20
120802,6
120855,12
120855,15
120855,13
144214,10
144214,8
144214,6
122541,7
122541,17
130827,10
130827,8
130827,5
142342,7
142342,8
119038,7
99052,7
99052,3
99052,0
158983,12
158983,7
158983,3
120891,19
120891,7
120891,4
162677,10
162677,8
162677,17
163651,7
137363,10
137363,8
137363,5
158811,15
158811,7
158811,13
185937,0
185937,6
120663,8
120663,6
120663,5
139414,19
139414,7
139414,0
87332,19
87332,7
87332,3
97428,19
97428,7
97428,3
157503,7
157503,17
157503,5
171363,3
171363,0
171363,6
141369,19
141369,15
141369,7
149261,19
149261,15
149261,4
132347,19
132347,7
132347,3
163187,7
163187,17
49406,10
49406,8
49406,14
54331,15
54331,1
54331,8
56193,10
56193,8
56193,17
72684,15
72684,8
72684,9
53198,10
53198,8
55032,8
55032,17
91557,15
91557,8
91557,5
91129,19
91129,15
91129,7
90774,7
88939,8
91530,15
91530,8
91530,9
91419,7
91419,0
91419,2
54033,7
54033,0
93818,7
144168,7
129167,12
129167,19
129167,15
167404,8
167404,6
167404,5
155267,10
155267,17
155267,5
63688,10
63688,8
63688,17
131325,7
120620,8
120620,6
120620,5
165710,7
165710,20
77663,7
77663,3
77663,17
88889,7
88889,0
88889,5
66765,7
77394,0
80339,7
83530,7
83530,4
118604,7
118604,3
118604,0
89670,15
89670,7
85995,15
85995,7
95188,7
94737,7
94737,8
94737,3
100419,7
100419,13
102719,7
102719,13
96244,10
96244,8
96244,17
107798,10
107798,8
107798,6
85334,7
85334,13
130121,7
130121,10
130121,17
133046,7
133046,5
176269,19
176269,4
105698,19
105698,4
156887,12
156887,10
156887,6
91278,19
91278,5
91278,18
73802,6
73802,5
104839,15
104839,8
104839,17
120657,19
120657,15
120657,9
138304,8
138304,4
138304,5
160236,7
160236,13
160236,17
164108,7
125971,7
125971,8
125971,17
145531,0
164181,0
164181,6
164181,5
118843,7
118843,10
118843,17
97050,15
97050,8
97050,13
88146,10
88146,8
88146,6
63823,12
63823,15
63823,7
169547,8
181316,19
181316,7
181316,10
126916,8
126916,17
126916,11
80491,8
80491,9
58182,7
58182,20
58182,2
77280,1
77280,8
77280,20
89175,3
89175,0
89175,5
61385,7
61385,17
68473,15
68473,8
68473,5
82348,15
82348,8
82348,3
108185,8
108185,6
108185,17
73812,8
73812,2
99558,19
99558,15
99558,7
150377,10
150377,8
150377,6
120716,8
120716,18
140397,7
140397,8
164114,7
164114,8
164114,17
134618,7
134618,8
134618,11
120188,19
120188,15
120188,7
162360,7
162360,10
162360,17
79714,0
79714,4
86154,10
86154,0
86154,6
56443,19
56443,7
56443,10
156934,8
156934,6
156934,17
167427,7
167427,17
171804,1
171804,10
171804,8
165854,10
165854,8
165854,6
86200,7
86200,10
86200,8
100802,19
100802,4
100802,5
82089,10
82089,8
82089,17
91042,7
86617,8
86617,17
86617,18
37674,8
37674,17
68699,8
68699,6
68699,16
61747,8
61747,16
80179,19
80179,7
65571,8
95270,7
95270,8
95270,13
37558,8
37558,17
82979,1
82979,8
82979,9
77405,8
77405,17
33804,7
33804,17
34240,15
34240,7
34240,8
38559,8
38559,14
38559,17
52225,2
52225,17
52225,18
85549,8
85549,20
85549,17
104507,8
104507,17
104507,18
61578,19
61578,15
61578,18
59260,15
59260,7
59260,2
58150,19
58150,15
58150,5
57076,19
57076,15
57076,5
55928,19
55928,15
55928,5
80453,15
80453,8
80453,17
58461,19
58461,8
58461,16
119256,10
119256,8
104431,15
104431,7
104431,10
137523,8
160916,7
160916,8
160916,17
166896,1
166896,8
81633,15
81633,7
81633,3
83946,15
83946,8
78754,8
78754,20
78754,2
97123,7
97123,8
163988,8
163988,5
144640,7
144640,17
93870,19
93870,10
93870,4
100502,19
100502,10
100502,4
96438,12
96438,15
96438,7
82398,19
82398,15
82398,5
97742,19
97742,15
97742,5
70328,19
70328,15
70328,5
59800,19
59800,15
59800,5
185371,10
185371,3
185371,0
120601,7
120601,8
120601,3
119698,12
119698,15
119698,3
120596,7
120596,17
145681,10
145681,8
145681,6
140352,1
140352,8
140352,5
65088,8
77355,8
77355,0
77355,6
83767,7
83767,3
83767,0
89885,7
89885,0
89885,4
97240,10
97240,8
106856,10
106856,8
106856,5
17925,19
17925,15
17925,7
78087,7
78087,0
78087,4
55630,19
55630,8
55630,5
67525,19
67525,8
67525,4
94012,15
94012,7
94012,4
70608,12
70608,15
70608,7
48380,7
48380,8
48380,18
82484,15
82484,8
82484,9
65988,15
65988,7
65988,8
86465,7
79540,7
101669,10
101669,8
101669,6
149691,7
149691,8
120655,15
120655,7
120655,8
151137,15
151137,1
151137,8
190641,12
190641,19
190641,15
101605,7
101605,8
101605,20
34862,7
34862,8
34862,20
56197,19
56197,8
56197,9
105156,8
105156,5
66473,19
66473,8
66473,9
95675,7
95675,8
84855,8
86856,15
86856,7
86856,17
94027,1
94027,8
93565,7
93565,8
93565,17
68762,15
68762,8
68762,16
59646,8
59646,0
59646,5
178737,7
178737,8
178737,17
162661,3
162661,0
162661,6
143145,19
143145,15
143145,5
185125,8
96061,7
96061,8
96061,3
42546,7
42546,8
42546,3
40522,8
80979,8
80979,9
80979,18
67411,8
67411,16
32551,8
32551,9
33045,7
33045,8
33045,17
87781,8
87781,11
73692,7
73692,8
105265,8
93010,8
93010,5
89360,8
89360,6
89360,5
95631,19
95631,7
95631,10
99077,1
99077,8
101393,19
101393,10
101393,8
101889,7
101889,8
101889,3
87921,8
146675,19
146675,3
146675,0
120363,12
120363,15
120363,7
172396,8
172396,17
158371,7
158371,8
158371,20
99165,7
99165,8
99165,17
28950,8
28950,18
79239,8
150216,8
205000,7
205000,17
120689,10
120689,8
120689,3
124315,8
124315,17
67328,8
67328,17
51337,19
51337,15
51337,13
166485,8
166485,9
166485,17
182789,7
182789,8
182789,4
164912,15
164912,7
164912,13
120910,12
120910,7
120910,13
175880,8
151568,1
151568,7
151568,8
66892,8
64276,15
64276,8
87231,1
87231,10
87231,8
146838,8
146838,11
125664,1
125664,7
125664,8
177789,15
177789,7
177789,4
134119,10
134119,8
134119,5
195945,7
174856,1
174856,8
174856,11
145653,8
120866,8
120866,9
120866,5
120834,8
120834,6
120834,17
172493,1
172493,8
156812,7
156812,8
156812,13
134983,0
134983,4
134983,5
70903,8
70903,17
46359,7
46359,8
46359,18
95897,19
95897,10
95897,6
70511,1
70511,10
70511,8
70290,7
70290,8
65724,8
97162,0
97162,5
77269,8
77269,6
77269,4
107659,19
107659,7
107659,10
83929,7
83929,8
106364,12
106364,19
106364,10
100318,5
120662,8
120662,6
120662,5
104187,7
76095,7
76095,8
76095,17
104797,1
104797,8
104797,9
105417,7
105417,10
105417,13
108147,7
108147,13
108147,20
104389,8
104389,5
106246,15
106246,1
106246,8
88683,8
88683,6
105323,8
105793,7
105793,20
108525,7
108525,20
104694,7
104694,8
104694,13
105112,19
105112,5
103855,19
103855,8
103855,20
104070,7
104070,3
104070,0
104231,15
104231,8
104231,17
104454,8
104454,17
105415,7
105415,8
105415,17
105665,8
105665,0
105665,6
105812,7
105812,8
105812,11
103893,19
103893,7
103893,3
104684,19
104684,10
104684,5
103905,7
103905,10
103905,8
104815,19
104815,10
104815,5
105477,19
105477,7
104291,8
104291,17
104291,4
104040,7
104040,8
104040,17
105046,8
105046,16
103759,10
103759,8
103759,5
134084,0
134084,6
105414,8
105414,5
144117,19
144117,10
144117,5
163978,15
163978,8
163978,17
220099,12
220099,7
220099,8
62376,8
181984,10
181984,8
181984,5
134847,19
134847,0
134847,4
190138,7
190138,10
21749,7
21749,8
21749,17
87265,7
87265,8
87265,17
12349,7
12349,8
12349,13
184858,19
184858,15
184858,10
185014,7
185014,8
186045,7
186045,10
186045,6
165798,19
165798,10
165798,8
40506,19
40506,10
40506,8
86969,8
86969,18
86005,15
86005,8
183523,15
183523,4
183523,5
142688,6
142688,5
101698,7
101698,8
101698,3
78902,7
78902,8
78902,17
91217,8
91217,11
94812,7
94812,17
94812,11
72890,1
72890,10
72890,8
69704,7
69704,8
42208,10
42208,8
42208,14
49730,15
49730,8
49730,16
72251,19
72251,10
72251,5
102138,8
102138,9
102138,5
98645,7
98645,6
93148,7
93148,13
93148,3
98309,7
92666,7
92666,17
79588,15
79588,7
79588,13
82474,15
82474,7
82474,10
87755,15
87755,7
87755,8
46435,8
46435,9
46435,17
195685,1
195685,8
195714,0
195714,5
95800,15
95800,13
95800,8
103074,15
103074,10
103074,8
78718,10
78718,8
78718,5
77975,7
91939,7
91939,17
97216,7
97216,8
102175,8
102175,17
71402,19
71402,10
71402,8
36775,10
36775,8
36775,14
100758,19
100758,15
100758,7
103060,19
103060,15
103060,7
108308,19
108308,15
108308,7
87985,19
87985,8
92675,19
92675,1
92675,8
93105,1
93105,7
93105,8
107050,7
107050,8
107050,17
61735,7
61735,8
165929,19
165929,10
165929,5
57261,15
57261,8
57261,5
27977,7
27977,8
27977,13
107091,7
107091,8
107091,3
57163,8
57163,16
54997,8
54997,11
53946,1
53946,8
53946,9
71411,15
71411,1
71411,8
75860,8
75860,4
99871,8
99871,0
99871,6
112950,7
112950,8
112950,20
93378,1
93378,8
93378,20
89457,15
89457,7
89457,8
91445,7
91445,8
91445,17
146882,7
146882,8
146882,20
138749,12
138749,15
138749,7
192614,19
192614,10
192614,8
102057,15
102057,7
102057,13
65126,15
65126,8
65126,16
77928,1
77928,10
77928,8
100157,8
100157,5
69293,8
69293,6
69293,4
74958,8
93640,19
93640,10
93640,8
63374,7
75029,16
186151,10
186151,8
186151,6
122459,7
122459,8
122459,17
160797,8
160797,5
160797,18
183503,7
183503,17
77572,19
77572,8
77572,18
97940,7
97940,10
97940,8
82031,7
82031,17
86927,7
98067,7
98067,8
93773,19
93773,15
93773,4
102713,8
102713,17
82934,10
82934,8
82934,17
191754,7
191754,8
144084,7
144084,10
144084,8
171433,7
171433,8
171433,17
166175,7
166175,8
83833,7
83833,8
68327,8
68327,2
56687,8
56687,0
56687,5
51383,7
51383,8
51383,17
48140,7
48140,10
48140,2
85701,8
85701,0
74860,10
74860,5
80487,7
80487,11
199725,8
199725,17
199725,11
141926,19
141926,18
159097,8
159097,17
158622,7
158622,13
158622,17
198021,7
198021,8
198021,17
189584,8
189584,7
154421,7
154421,8
93185,0
93185,4
93185,5
172495,19
172495,15
172495,8
85970,7
85970,8
185183,19
185183,15
185183,4
210616,8
210616,20
210616,17
171359,8
171359,17
171359,5
41716,7
41716,2
41716,17
89791,15
89791,7
89791,13
104438,7
104438,17
104438,5
130623,12
130623,15
130623,13
217630,7
217630,17
215129,7
196216,7
196216,10
120755,19
120755,15
120755,5
184894,19
184894,15
184894,7
15864,15
15864,7
15864,8
64757,19
64757,15
64757,5
76752,19
76752,15
76752,5
79574,19
79574,15
79574,4
71807,19
71807,15
71807,5
208003,19
208003,7
208003,10
80365,10
80365,8
80365,6
54953,19
54953,15
54953,8
63518,8
63518,17
71230,7
71230,16
47673,7
47673,2
47673,17
74486,3
74486,0
59578,16
70355,19
70355,10
70355,6
86979,10
86979,8
86979,5
97322,7
97322,8
97322,20
89841,7
89841,10
89841,8
99582,8
99582,0
99582,4
84522,7
90190,19
90190,7
90190,0
100403,19
100403,0
100403,4
93894,19
93894,4
93894,5
88172,17
88172,4
87004,7
87004,4
94631,19
94631,4
79501,19
79501,15
79501,4
82694,19
82694,15
82694,4
89530,19
89530,15
89530,4
99141,19
99141,7
92563,0
92563,6
92563,5
91635,8
91635,17
87262,19
87262,0
87262,4
102951,7
102951,17
187078,19
187078,10
187078,5
99726,8
74156,19
74156,10
74156,5
93605,19
93605,10
93605,8
67741,19
67741,10
67741,5
71360,8
71360,6
71360,5
70509,7
70509,8
70666,1
70666,10
70666,8
90728,19
90728,15
90728,7
69762,19
69762,10
69762,8
15648,8
15648,9
15648,5
162650,19
162650,10
162650,5
120913,12
120913,19
120913,15
120630,12
120630,15
120630,7
183505,7
187393,19
187393,8
187393,9
131704,12
131704,15
131704,7
177971,19
177971,15
177971,8
76257,7
89118,19
89118,5
101846,19
101846,5
87175,19
87175,15
87175,0
159382,10
159382,8
219854,7
219854,13
219854,3
175142,7
179116,7
179116,8
179116,17
60176,8
60176,6
60176,5
87277,8
87277,20
87277,17
120903,19
120903,15
120903,4
161081,8
161081,3
161081,0
210234,12
210234,19
210234,15
52561,10
52561,8
52561,6
104299,19
104299,10
104299,4
103241,7
80310,8
80310,9
80310,18
68555,7
73312,7
73312,18
92048,7
144528,7
144528,17
144528,4
174480,8
174480,17
200550,7
200550,8
200550,20
164052,19
164052,0
164052,4
186566,19
186566,15
186566,5
195234,7
195234,10
65938,15
65938,7
65938,18
99005,19
99005,7
99005,18
98384,7
98384,8
98384,17
191397,7
191397,11
209958,0
209958,4
209958,5
95705,7
95705,10
102510,7
102510,10
46303,8
46303,16
59017,7
59017,17
59017,16
88206,19
88206,15
88206,3
160009,19
160009,15
160009,10
204946,7
204946,17
204946,11
144964,19
144964,15
144964,3
171580,7
171580,10
171580,8
202677,19
202677,10
202677,8
181875,15
181875,7
181875,8
192731,0
192731,6
192731,5
168629,10
168629,8
168629,2
218839,7
210945,1
210945,8
210945,11
93177,0
93177,5
95294,0
95294,5
88184,7
88184,8
60397,15
60397,13
60397,4
40068,7
40068,3
40068,0
46876,0
46876,4
24184,0
24184,4
208988,19
208988,10
208988,8
212338,7
212338,17
180093,8
170691,8
170691,18
208874,8
208874,5
205271,7
205271,8
205271,17
213790,7
54387,15
54387,17
54387,4
249462,8
249462,20
230030,7
230030,3
223897,8
111512,19
111512,7
229260,15
229260,3
229260,0
160127,19
160127,15
160127,7
146984,8
146984,3
146984,11
185431,7
185431,3
203019,1
203019,8
199753,19
199753,4
199753,5
203230,8
66995,19
66995,15
66995,5
216216,19
216216,6
216216,4
186894,8
186894,17
170016,7
170016,13
170016,3
211181,15
211181,7
211181,13
213847,7
213847,8
213847,17
180073,1
180073,8
217869,8
217869,6
217869,4
190332,19
190332,15
190332,3
190374,19
190374,15
190374,3
228750,19
228750,8
228750,5
190865,19
190865,15
190865,8
93748,7
93748,8
93428,19
93428,15
93428,5
92106,12
92106,19
92106,15
94291,10
94291,8
96969,1
96969,8
96969,18
88850,7
208092,7
208092,10
241303,8
241303,17
242423,7
242423,6
242423,4
120917,12
120917,15
120917,7
183659,1
183659,8
207201,7
207201,3
207201,17
181536,8
219699,8
219699,3
219699,0
247196,1
247196,8
247196,17
162222,15
162222,8
162222,17
218967,7
218967,8
218967,3
212346,19
212346,7
212346,10
190590,15
190590,7
190590,10
120202,7
120202,8
219653,19
219653,3
219653,0
149624,8
149624,17
149624,16
146309,8
146309,9
146309,5
181865,10
181865,8
181865,5
189998,8
189998,0
93223,10
93223,5
83564,7
83564,8
83564,13
101757,7
84434,8
84434,17
107007,8
107007,9
107007,18
218817,19
218817,10
218817,8
206275,8
206275,20
206275,17
237572,10
237572,8
237572,6
102388,8
102388,17
95690,7
95690,8
95690,17
95348,19
95348,7
95348,10
209475,7
209475,17
92644,19
92644,7
92644,10
86960,19
86960,7
86960,10
92654,7
92654,10
92654,8
92695,12
92695,15
92695,13
92718,7
92718,8
92718,17
92965,19
92965,8
92965,9
92974,7
92974,13
83907,0
93209,7
93209,8
93209,17
93260,19
93260,15
93260,7
93300,15
93300,0
93300,5
93437,7
93437,0
93493,7
93493,3
93493,17
93507,19
93507,15
93507,3
118694,8
118694,17
212985,10
212985,8
212985,5
239948,7
239948,10
239948,17
230838,8
230838,17
166276,12
166276,7
166276,3
233142,19
233142,7
233142,10
236493,15
236493,7
236493,10
179626,19
179626,10
179626,8
31742,8
100140,7
100140,8
100140,17
100232,19
100232,15
100232,5
91474,10
91474,0
91474,6
100486,1
100486,8
100486,6
88000,7
93857,7
71771,7
71771,10
71771,8
215750,8
215750,9
215750,18
205873,7
205873,8
205873,9
209144,6
209144,5
125022,7
125022,10
125022,17
244970,7
244970,17
227538,19
227538,15
227538,7
236784,7
236784,8
236784,5
245712,8
245712,5
164334,8
164334,5
221027,1
221027,10
221027,8
243155,7
243155,8
243155,17
245686,15
245686,7
245686,8
236348,7
236348,20
231402,19
231402,15
231402,7
240515,7
86250,10
86250,8
132245,19
132245,8
132245,11
203755,7
203755,10
209163,19
209163,15
209163,3
85811,19
85811,15
85811,3
84917,7
84917,8
80319,7
79638,8
66011,8
66011,17
183790,19
183790,15
183790,17
126029,12
126029,15
126029,7
203009,8
203009,2
203009,17
213149,19
213149,8
213149,9
102343,7
102343,3
102343,17
101587,7
101587,16
95082,8
95082,9
95082,11
95647,10
95647,8
95647,9
54047,19
54047,15
54047,16
53221,19
53221,8
53221,16
94142,7
94142,10
94142,5
255798,7
255798,4
251075,7
251075,4
244244,19
244244,10
244244,5
254099,7
254099,8
254099,17
65528,7
65528,8
65528,18
102685,19
102685,10
102685,5
45810,7
45810,2
45810,17
48605,7
48605,17
84805,7
84805,8
84805,17
230011,12
230011,19
230011,15
146316,19
146316,15
146316,3
240462,7
240462,13
240462,3
232500,19
232500,10
232500,5
212720,8
212720,4
250224,8
250224,17
203119,10
203119,8
203119,5
203632,8
203632,6
203632,17
228786,10
228786,0
228786,6
239395,19
239395,7
239395,13
271027,19
271027,10
271027,8
257106,7
257106,0
82136,19
82136,7
82136,11
56217,8
56217,16
65777,8
65777,9
65777,18
63227,1
63227,8
63227,9
51036,8
51036,14
76786,0
82869,19
82869,10
82869,4
173840,12
173840,19
173840,15
250494,7
250494,17
227445,19
227445,10
227445,8
227005,7
227005,10
227005,8
94606,8
94606,17
94608,10
94608,8
96764,15
96764,7
96764,3
94715,7
94715,8
94715,20
94746,7
94746,8
94889,7
94889,8
94889,17
94894,19
94894,10
94894,8
94898,7
94898,17
94963,19
94963,10
94963,6
95031,7
95031,10
95174,10
95174,8
95174,6
95243,1
95243,8
95253,7
95489,12
95489,15
95489,8
95687,7
95687,4
95963,19
95963,7
95963,10
89907,7
89907,0
89907,4
84296,15
84296,8
84296,17
96101,7
96101,8
96101,13
91949,7
91949,13
91949,4
96163,6
96163,5
96256,19
96256,0
96256,4
96320,7
96320,10
96794,8
96794,3
96794,17
96928,15
96928,7
96928,20
96933,19
96933,10
96933,5
97257,7
97257,2
97257,17
97722,8
97778,7
97815,7
97815,11
163025,19
163025,15
163025,4
265029,7
265029,17
162346,7
162346,8
248845,7
248845,8
248845,20
133152,19
133152,15
133152,4
243655,7
243655,17
98206,19
98206,5
98273,10
98273,8
98273,6
98439,19
98439,7
98439,10
98536,7
98536,10
98536,8
98546,7
98554,7
98621,7
98621,17
108539,15
108539,7
108539,3
247638,7
247638,13
247638,17
266915,19
266915,7
266915,10
94868,8
80360,0
80360,4
80360,5
252866,7
181739,12
181739,19
181739,15
230600,0
230600,6
230600,5
261983,0
261983,6
238112,8
238112,20
238112,17
250687,19
250687,15
250687,7
258470,15
258470,7
258470,17
256524,7
256524,10
256524,6
261392,7
228333,19
228333,0
228333,4
203166,7
203166,8
203166,17
263488,0
263488,6
103596,19
103596,7
103596,13
70917,0
70917,6
70917,5
202470,8
202470,20
221218,10
221218,8
221218,6
139654,10
139654,8
139654,5
102316,8
57193,19
57193,15
57193,7
86312,1
86312,8
86312,9
260866,8
260866,6
260866,5
252501,8
252501,6
196229,7
206314,19
206314,6
206314,5
240890,7
240890,17
80549,1
80549,8
80549,20
219965,7
219965,10
219965,8
108148,19
108148,10
108148,8
166924,8
166924,6
166924,5
66999,19
66999,10
66999,5
67093,8
67093,13
67093,2
120681,0
120681,6
120681,5
272020,19
272020,8
272020,5
200027,1
200027,7
200027,8
243017,12
243017,8
243017,3
272152,8
272152,6
272152,4
245674,3
245674,0
246578,8
246578,6
246578,4
264796,8
243133,10
243133,8
198781,12
198781,15
198781,7
267804,19
267804,4
267804,5
252503,19
252503,10
252503,8
256380,7
256380,8
256380,3
241527,15
241527,13
241527,3
265087,15
265087,7
265087,3
266987,19
266987,10
266987,5
256009,8
256009,0
247425,10
247425,8
53472,10
53472,8
80716,8
80716,20
80716,2
80745,19
80745,15
80745,4
100054,15
100054,8
100054,5
54135,7
54135,10
54135,20
159273,19
159273,8
159273,5
240772,10
240772,5
283509,7
283509,8
283509,18
20697,8
20697,20
211915,7
211915,17
277371,7
259711,3
259711,6
259711,17
259393,8
259393,6
259393,17
265666,7
265666,8
101452,15
101452,7
101452,3
268397,12
268397,19
268397,15
35423,7
35423,3
35423,17
120737,19
120737,15
120737,8
268995,8
268995,17
268978,1
268978,8
51201,10
51201,8
51201,6
248667,1
248667,8
248667,11
265086,8
265086,9
265086,18
280707,7
280707,8
280707,6
277027,8
285742,8
285742,17
120824,8
74937,7
74937,10
74937,6
273923,7
273923,8
237534,19
237534,15
237534,8
99044,19
99044,7
99044,10
87078,19
87078,15
87078,3
240468,19
240468,7
83511,19
83511,7
83511,10
243862,7
243862,8
243862,17
106770,19
106770,1
106770,8
66026,7
66026,8
66026,18
245844,19
245844,15
245844,8
265349,8
265349,0
265349,6
281358,8
281358,17
293416,12
293416,15
293416,8
250081,7
250081,8
250081,17
265298,15
265298,7
265298,13
233469,19
233469,8
233469,5
246894,19
246894,4
246894,11
108037,7
108037,8
108037,13
69995,8
69995,6
69995,5
275022,7
275022,8
275022,17
251114,8
251114,18
251160,10
251160,8
251160,5
247745,7
247745,10
247745,6
69281,6
69281,5
238546,8
238546,3
238546,0
265343,7
265343,8
265343,17
74174,7
74174,8
74174,13
216651,12
216651,19
216651,3
50986,8
50986,17
243736,7
243736,17
277434,19
277434,8
277434,9
104254,12
104254,15
104254,13
268695,19
268695,15
268695,4
268380,12
268380,15
268380,7
120804,19
120804,0
120804,4
284490,19
284490,7
284490,10
264761,7
264761,8
264761,17
245574,8
76729,19
76729,7
187738,19
187738,3
187738,0
266452,7
266452,10
266452,8
258000,10
258000,8
258000,5
265662,8
265662,13
265662,11
254686,8
283111,7
283111,17
42876,10
42876,8
42876,6
76723,7
76723,8
76723,11
264472,8
264472,5
264616,10
264616,8
264616,5
253867,7
253867,17
259446,7
259446,8
259446,17
99892,7
99892,17
94137,7
94137,8
94137,13
98966,7
98966,8
98966,13
264935,10
264935,6
264935,5
277296,19
277296,15
277296,3
157583,8
157583,6
157583,17
247586,10
247586,8
247586,5
211443,19
211443,0
211443,4
235737,10
235737,8
235737,6
104466,7
104466,8
104466,17
145487,19
145487,15
145487,4
241760,7
250797,8
250797,17
250797,5
276751,7
276751,8
276751,17
121765,19
121765,15
121765,3
278500,7
278500,8
278500,17
278504,8
278504,6
278504,5
166813,12
166813,15
166813,8
268690,8
164184,19
164184,8
164184,5
279493,19
279493,7
280486,19
280486,7
280486,5
279778,8
258463,19
258463,6
258463,5
267913,15
267913,7
267913,13
245562,19
245562,8
245562,18
238924,7
238924,8
275847,12
275847,15
275847,7
181689,19
181689,10
181689,6
252444,15
252444,1
252444,8
280590,7
280590,17
107438,7
107438,13
107438,17
120912,19
120912,15
120912,7
253556,19
253556,15
253556,3
257044,10
257044,8
257044,5
254455,8
254455,17
271367,19
271367,15
271367,7
267626,8
267626,9
267626,5
243585,12
243585,15
243585,7
295178,19
295178,15
295178,7
79641,8
79641,0
88286,7
88286,20
286106,8
286106,6
286106,4
287717,19
287717,15
287717,7
279113,8
279113,17
309377,19
309377,10
309377,8
295701,19
295701,15
295701,5
274309,1
274309,7
274309,8
300532,8
300532,17
300532,11
265459,8
265459,5
258153,7
258153,8
258153,4
82186,19
82186,15
82186,13
102059,19
102059,7
94025,19
94025,7
94025,10
303714,7
303714,8
293662,19
293662,10
293662,5
280760,7
280760,8
48281,7
48281,10
250258,8
250258,5
274812,7
274812,8
274812,17
245429,12
245429,15
245429,13
256415,7
256415,17
290095,19
290095,7
290095,4
289765,10
289765,8
289765,5
86373,7
86373,10
86373,4
292644,7
292644,8
292644,17
283139,8
272338,7
272338,8
272338,17
298130,0
298130,6
95327,12
95327,8
95327,18
76666,8
76666,20
82432,15
82432,8
82432,9
82949,19
82949,10
82949,8
288477,0
120679,1
120679,8
120679,17
299117,7
299117,8
297181,19
297181,15
297181,7
304669,7
304669,13
304669,3
298203,8
298203,20
297884,8
295297,15
295297,13
295297,3
280609,19
280609,0
280609,5
81455,0
81455,4
81455,5
246460,19
246460,15
246460,5
258068,8
258068,17
258068,5
287467,8
287467,6
287467,17
307479,8
307479,6
307479,17
133240,12
133240,15
133240,13
110308,10
110308,8
110308,17
58777,8
58777,9
58777,18
289848,7
289848,10
268126,7
268126,8
238380,19
238380,8
238380,4
303933,7
303933,8
303933,17
302640,7
302640,3
252076,7
252076,8
252076,17
253754,19
253754,15
253754,4
257360,7
257360,8
167261,19
167261,15
167261,8
307901,8
168786,1
168786,8
217505,10
217505,8
313737,7
313737,17
272207,10
272207,8
272207,6
102492,7
102492,8
102492,13
96283,12
96283,13
96283,3
264464,1
264464,10
264464,8
299658,7
299658,10
299658,2
274558,8
274558,17
253474,1
253474,8
253474,20
85794,7
85794,10
85794,8
305711,7
305711,17
317248,10
317248,8
309593,0
309593,5
292506,19
292506,5
84237,12
84237,15
84237,8
251127,7
251127,17
300471,19
300471,15
300471,7
287978,19
287978,10
106701,7
106701,13
74851,8
74851,4
289992,10
289992,8
289992,5
302886,7
278731,8
278731,6
278731,5
305669,7
314353,19
314353,8
314353,5
290673,10
290673,8
290673,6
286499,7
286499,8
286499,17
99776,8
99776,9
99776,18
99699,7
99699,8
99699,17
178868,0
178868,6
285531,8
285531,0
285531,4
264395,19
264395,10
264395,8
298814,19
298814,15
298814,4
286788,7
286788,8
286788,13
183649,10
183649,5
275277,12
275277,19
275277,10
311519,7
311519,8
311519,17
305224,7
251736,0
300140,10
300140,8
245803,19
245803,7
245803,3
310281,7
310281,20
311289,15
311289,7
311289,8
67800,10
67800,8
67800,5
66769,6
66769,4
66769,5
60390,8
60390,4
310910,10
310910,5
309698,6
309698,5
290334,19
290334,4
290334,5
317303,7
317303,13
92067,12
92067,15
92067,8
234215,19
234215,4
309530,7
309530,17
283900,7
283900,8
283900,17
315327,7
315327,3
266543,12
266543,15
266543,7
317740,19
317740,10
317740,5
295700,0
295700,5
322259,19
322259,10
322259,5
298228,8
298228,13
101410,7
101410,8
101410,5
329028,7
289043,19
289043,8
289043,0
305357,19
305357,15
305357,7
286716,19
286716,4
333780,7
181852,19
181852,4
324133,10
324133,8
324133,6
325980,19
325980,15
325980,3
311429,19
311429,15
311429,3
172156,19
172156,7
172156,10
274166,19
274166,15
274166,7
301199,10
301199,8
301199,5
325703,19
325703,15
325703,3
329575,8
329575,9
329575,11
338459,19
338459,15
338459,7
328828,7
318411,8
322330,7
322330,13
322330,3
257076,19
257076,15
257076,10
329101,19
329101,0
316356,19
316356,8
316356,17
286112,19
286112,7
286112,13
305206,1
305206,7
305206,8
313911,19
313911,15
313911,7
90103,7
90103,8
90103,17
62467,5
46438,8
66434,8
66434,4
66434,5
41546,7
41546,10
100814,7
100814,0
57413,7
57413,10
57413,17
75066,7
75066,10
88944,19
88944,15
88944,5
68361,7
44741,8
301470,0
303816,8
303816,0
325805,7
325805,10
325805,8
285823,19
285823,10
285823,5
335266,7
335266,8
103285,19
103285,15
103285,9
70510,7
70510,10
70510,8
88993,0
88993,5
327137,7
327137,8
327137,13
320691,19
320691,3
320691,5
281686,7
281686,3
281686,0
266489,7
327850,19
327850,15
327850,7
328589,7
328589,8
328589,17
286244,12
286244,7
286244,8
86541,0
86541,4
86541,5
55031,8
55031,18
74119,1
74119,8
74119,9
92603,8
103786,7
103786,8
103786,13
106375,7
106375,13
106375,17
101507,10
101507,8
85959,7
85959,2
65207,19
65207,15
65207,18
102945,8
102945,5
210070,8
210070,3
210070,0
102768,8
102768,17
61809,1
61809,10
61809,8
107692,12
107692,19
107692,15
332379,7
332379,20
340377,7
340377,8
327056,10
327056,8
327056,6
138524,7
138524,10
138524,17
266697,19
266697,10
266697,5
313542,10
313542,8
313542,5
324216,0
311648,7
311648,8
316465,1
316465,8
316465,11
306047,7
306047,0
328880,12
328880,15
328880,7
363589,10
363589,8
363589,5
64505,19
64505,7
64505,10
165832,15
165832,7
165832,8
323944,8
323944,9
242653,19
242653,4
319343,7
319343,13
319343,3
314331,7
314331,8
314331,17
101862,7
101862,13
101862,17
311113,19
311113,15
311113,8
312528,15
312528,7
312528,13
348836,0
348836,6
348836,5
315733,10
315733,8
315733,5
338135,7
338135,10
338135,8
307987,7
307987,10
307987,8
338094,7
338094,13
338094,3
300556,19
300556,15
300556,4
99365,19
99365,4
99365,5
119167,10
119167,8
119167,5
86567,19
86567,15
86567,8
19254,1
19254,8
19254,9
10323,3
10323,0
10323,6
91167,7
91167,8
102034,19
102034,15
102034,3
102070,19
102070,15
102070,7
77745,0
77745,4
99938,19
99938,7
99938,10
102266,19
102266,7
102266,10
70849,8
70849,17
48424,10
48424,8
48424,14
105104,19
105104,10
105104,5
100404,6
100404,5
266308,19
266308,15
266308,8
90022,19
90022,10
90022,8
150662,7
150662,8
150662,17
90142,7
90142,3
90142,17
100935,7
100935,10
100935,8
100944,15
100944,7
100944,13
94332,7
94332,3
94332,0
68182,19
68182,15
68182,1
38348,8
38348,3
38348,17
31971,15
31971,8
31971,16
58586,7
58586,6
62765,19
62765,10
62765,5
69097,7
69097,17
299977,19
299977,15
299977,9
23027,7
23027,2
23027,17
87544,12
87544,15
87544,3
101745,7
101745,8
101745,17
46911,10
46911,8
46911,0
41090,7
41090,8
41090,17
102511,8
26778,7
26778,20
26778,2
318374,8
318374,17
298845,8
325710,19
325710,8
325710,18
319061,15
319061,8
319061,3
337741,7
337741,8
337741,17
338466,7
335119,1
335119,8
335119,17
167260,19
167260,15
167260,8
304415,8
337909,7
337909,8
315983,10
315983,8
340855,1
340855,10
340855,8
349205,7
349205,13
159365,15
159365,8
159365,9
338337,19
338337,6
338337,4
316396,15
316396,13
316396,3
343135,7
343135,17
37382,15
37382,7
37382,14
47528,8
296042,19
296042,7
296042,10
62803,15
62803,13
62803,3
289879,8
289879,4
289879,5
349825,1
349825,8
349825,9
309987,8
309987,17
328538,8
343660,7
343660,8
343660,17
356150,7
335345,8
301357,7
301357,8
301357,17
317648,19
317648,15
317648,1
335438,7
335438,10
60827,8
60827,5
265208,7
265208,8
265208,17
363988,8
363988,6
363988,5
360009,19
360009,10
360009,8
363547,19
363547,0
338013,8
338013,17
338013,4
364045,10
364045,6
364045,5
300051,7
300051,8
300051,17
335245,7
335245,10
335245,5
331632,15
331632,7
331632,13
276919,10
276919,8
167190,19
167190,3
167190,0
337697,7
337697,13
337697,17
351977,19
351977,10
327679,7
327679,13
327679,3
327247,7
327247,10
327247,5
49833,15
49833,8
77402,19
77402,15
77402,0
88680,7
88680,10
88680,8
378194,19
378194,10
378194,5
330793,19
330793,10
330793,8
337563,7
337563,3
337563,17
328107,19
328107,10
328107,8
377092,7
338526,19
338526,15
338526,3
332452,8
332452,9
379217,7
379217,8
379217,20
89092,19
89092,15
89092,8
70034,19
70034,10
70034,8
58083,8
58083,5
58083,18
62512,19
62512,15
62512,5
86034,19
86034,15
86034,5
86006,19
86006,15
86006,5
62229,10
62229,8
62229,6
103939,1
103939,7
103939,8
78966,8
78966,5
46268,15
46268,8
46268,5
100050,7
100050,13
100050,17
20640,7
20640,2
50613,8
50613,9
80120,19
80120,10
80120,5
284978,6
284978,4
284978,5
51808,15
51808,8
86637,7
75784,8
75784,9
75784,18
338564,19
338564,10
338564,8
374546,8
374546,17
70379,10
70379,8
70379,5
104346,19
104346,8
104346,11
53779,7
53779,8
92494,7
92494,13
92494,3
69947,10
69947,8
69947,5
22111,10
22111,8
22111,14
79833,12
79833,15
79833,13
46816,8
46816,18
79116,19
79116,1
79116,10
298148,12
298148,15
298148,7
319262,19
319262,15
319262,4
332375,7
332375,8
304141,15
304141,13
304141,3
363226,19
363226,7
363226,10
296572,19
296572,15
296572,4
356634,12
356634,7
356634,13
327162,7
327162,0
327162,4
374900,7
110857,7
110857,10
100133,19
100133,8
100133,18
22913,8
22913,0
327437,19
327437,15
327437,7
364725,7
364725,11
362227,7
362227,8
362227,17
377752,8
377752,17
381707,7
381707,10
332280,8
332280,17
28772,7
28772,2
28772,11
78163,7
78163,10
78163,6
152930,19
152930,7
152930,10
388473,12
388473,15
388473,7
86873,7
86873,3
86873,17
93693,7
93693,17
93886,7
93886,17
87597,19
87597,15
87597,4
316654,19
316654,15
316654,4
381681,8
381681,17
349683,19
349683,15
349683,8
357413,7
356470,7
356470,13
356470,17
343818,19
343818,8
343818,4
390221,10
390221,8
372183,19
372183,6
372183,5
327554,19
327554,10
327554,3
368008,8
368008,6
368008,4
368447,8
368447,6
368447,5
333766,7
333766,8
333766,17
369339,10
369339,8
369339,5
366551,15
366551,7
368933,7
368933,13
368933,17
370263,19
370263,15
370263,0
364751,15
364751,7
364751,6
337921,19
337921,10
337921,5
318627,19
318627,0
318627,4
346156,19
346156,15
346156,6
360201,7
360201,17
360201,11
356618,8
356618,6
356618,4
318462,15
318462,1
318462,8
365748,7
365748,0
71877,10
71877,8
71877,6
89560,1
89560,8
307453,12
307453,15
307453,7
349710,19
349710,8
349710,5
356721,7
390384,8
390384,4
390384,5
358135,7
358135,8
358135,20
372588,19
372588,7
390022,19
390022,8
390022,11
391198,0
391198,6
391198,5
375173,7
375173,8
375173,17
375063,7
375063,8
375063,17
361862,8
361862,5
387564,0
387564,6
350258,1
350258,8
350258,20
317705,12
317705,19
317705,15
338348,12
338348,15
338348,7
362269,1
362269,8
362269,17
317198,7
317198,8
317198,17
308644,1
308644,8
308644,13
368891,19
368891,15
368891,6
275491,10
275491,8
345950,12
345950,19
345950,15
346491,19
346491,1
346491,8
376541,8
376541,17
385004,19
385004,15
385004,8
349903,10
349903,5
359013,19
359013,15
359013,3
364517,7
364517,8
364517,17
58946,8
58946,18
60107,1
60107,8
60107,9
97814,12
97814,15
97814,8
99329,7
99329,2
104652,12
104652,15
104652,7
113824,12
113824,8
113824,13
169858,12
169858,19
169858,8
212712,8
212712,17
212712,4
235198,8
235198,0
235198,6
285492,8
285492,6
285492,4
310775,10
310775,8
310775,5
339291,15
339291,7
339291,13
344510,8
344510,6
344510,17
347246,12
347246,19
347246,8
347618,12
347618,15
347618,7
364385,0
364569,19
364569,8
364569,6
366627,8
366627,3
366627,6
366777,7
366777,10
366777,8
368909,19
368909,10
368909,5
369702,1
369702,8
371246,7
371246,8
371246,17
372824,8
372824,20
373926,10
373926,6
373926,5
374102,15
374102,8
374102,0
375912,19
375912,10
375912,8
377109,0
377109,6
405296,12
405296,10
405296,8
405159,8
405159,11
395169,1
395169,8
395169,9
367594,15
367594,7
367594,13
423866,10
423866,8
423866,17
362270,19
362270,15
362270,7
338751,1
338751,8
293508,8
293508,2
293508,17
361127,8
385267,7
385267,8
385267,17
290002,7
290002,17
375210,8
375210,0
375210,6
357277,19
357277,15
357277,10
393162,1
393162,8
393162,11
353969,19
353969,10
353969,8
363163,1
363163,8
363163,9
398712,19
398712,10
398712,8
382077,8
382077,0
382077,6
372532,7
372532,17
347149,12
347149,15
347149,13
386588,7
386588,17
360486,19
360486,3
360486,0
403358,19
403358,3
403358,0
373074,19
373074,7
373074,3
395699,19
395699,7
395699,8
377471,7
377471,10
377471,8
340163,19
340163,10
340163,8
358082,12
358082,15
358082,7
385307,19
385307,7
385307,10
401792,10
401792,5
318649,19
318649,15
318649,7
332047,7
332047,8
332047,17
371724,15
371724,7
371724,4
384806,0
329774,19
329774,15
329774,10
320661,19
320661,15
320661,8
397065,0
397065,5
375679,10
375679,8
375679,5
370986,8
342258,19
342258,15
342258,10
121766,19
121766,15
121766,3
369735,7
369735,17
351283,12
351283,15
351283,7
398165,7
398165,10
398165,11
352248,1
352248,8
352248,9
403508,7
403508,8
403508,17
356910,19
356910,7
356910,10
372784,19
372784,15
418819,0
418819,4
418819,5
374536,7
374536,3
374536,17
415978,7
415978,8
408777,8
408777,17
407304,15
407304,4
407304,5
120667,19
120667,15
120667,3
396269,7
396269,17
399201,19
399201,4
399201,5
395584,0
405325,15
405325,7
405325,13
417001,7
417001,17
379786,19
379786,15
379786,4
412019,7
412019,8
412019,6
377818,7
397101,8
397101,0
397101,6
430105,19
430105,10
430105,8
405422,7
405422,17
421239,5
387898,8
387898,6
387898,5
355295,19
355295,15
355295,7
387131,8
387131,6
387131,17
388482,19
388482,5
425123,7
425123,8
425123,3
377107,8
377107,6
399295,19
399295,10
399295,8
404030,7
404030,8
419706,19
419706,0
419706,4
421054,19
421054,1
421054,10
348333,7
402022,19
402022,15
402022,4
404032,8
404032,0
404032,5
408790,8
408790,6
408790,5
121164,12
121164,8
121164,13
385002,10
385002,8
385002,11
399146,8
399146,5
379725,1
379725,10
379725,8
385700,12
385700,19
385700,15
366780,15
366780,3
312004,12
312004,15
312004,7
373469,19
373469,7
373469,10
388125,7
388125,8
388125,17
367089,7
367089,8
388795,8
388795,17
368709,7
368709,8
368709,17
433383,1
433383,8
433383,9
421238,10
421238,8
421238,16
371257,8
371257,6
371257,5
386140,19
386140,15
386140,17
384680,7
384680,8
432348,0
432348,6
365686,19
365686,10
365686,8
418763,19
418763,1
418763,8
371606,12
371606,15
371606,7
433400,7
433400,17
365737,8
365737,5
414387,8
414387,17
435625,15
435625,0
435625,5
330373,15
330373,13
330373,3
358273,1
358273,8
358273,20
294870,8
294870,2
294870,17
406375,19
406375,15
406375,7
416320,8
416320,17
416320,5
363771,15
363771,13
363771,3
360717,19
360717,15
360717,8
397535,8
397535,17
356680,7
356680,8
356680,17
365485,7
365485,10
365485,5
408306,19
408306,8
408306,9
395251,7
395251,10
395251,2
407265,15
407265,7
407265,8
369441,7
369441,10
402399,1
402399,8
402399,9
451094,10
451094,8
451094,5
414852,19
414852,10
414852,4
450278,0
456554,7
443536,12
443536,7
443536,10
401855,19
401855,3
401855,5
412080,1
412080,8
412080,11
396752,7
396752,13
396752,3
414982,0
414982,5
383216,15
383216,7
383216,10
408345,10
408345,5
370032,19
370032,4
450232,19
450232,10
450232,8
427229,7
427229,17
438097,12
438097,15
438097,7
434409,19
434409,8
434409,4
454945,7
454945,17
454945,11
427944,7
427944,8
454848,10
454848,8
454848,6
454841,0
454841,5
405094,8
405094,6
405094,5
425210,10
425210,8
425210,6
441909,7
441909,8
437800,8
437800,13
393109,19
393109,10
393109,8
439815,7
439815,0
439815,4
362120,7
362120,0
424136,8
424136,5
384537,0
317919,19
317919,15
317919,5
475276,19
475276,8
475276,9
327084,12
327084,15
327084,7
409182,19
409182,15
409182,5
382625,6
382625,5
376994,19
376994,15
376994,4
452594,7
452594,8
452594,17
317219,12
317219,7
317219,13
457510,7
457510,13
457510,11
410297,8
410297,3
410297,17
389860,7
389860,8
389860,3
458352,7
458352,8
383574,19
383574,15
383574,3
463034,7
463034,17
424345,7
452637,8
452637,3
452637,6
465624,7
465624,17
465624,4
422720,1
422720,8
422720,9
446059,19
446059,1
446059,8
463985,19
463985,10
463985,5
348150,19
348150,4
449059,7
449059,8
449467,8
385880,12
385880,7
385880,13
417148,19
417148,15
417148,10
457513,7
457513,10
457513,3
415306,7
415306,11
477347,15
477347,7
477347,13
420223,7
420223,8
420223,3
430357,19
430357,10
430357,5
454921,1
454921,8
455967,7
455967,17
479884,19
479884,10
479884,5
462590,10
462590,8
462590,20
468489,8
384793,7
443543,8
443543,3
443543,9
436697,1
436697,8
436697,9
486551,7
445990,1
445990,8
445990,11
450345,0
450345,6
450345,5
387808,15
387808,7
387808,4
414993,8
414993,6
414993,17
354899,7
354899,8
354899,3
387877,10
387877,8
387877,6
472043,19
472043,15
472043,8
443453,7
457430,8
457430,3
457430,18
400717,12
400717,15
400717,7
407887,10
407887,8
407887,5
404203,7
404203,8
404203,17
455590,1
455590,8
455590,9
206634,15
206634,8
206634,4
482571,8
482571,6
482571,4
418689,19
418689,15
418689,8
489270,0
489270,6
489270,5
424095,12
424095,15
424095,7
396171,10
396171,8
381061,19
381061,15
381061,5
366548,12
366548,15
366548,7
453467,19
453467,10
453467,4
457939,7
457939,17
365830,15
365830,7
365830,20
450259,15
450259,8
450259,5
449010,19
449010,15
449010,13
479143,19
479143,8
479143,11
446755,8
446755,17
343737,8
343737,9
343737,5
443489,8
443489,20
443489,2
460829,8
460829,3
460829,6
465551,10
465551,8
465551,17
498380,19
498380,15
498380,8
426883,1
426883,10
426883,8
398808,8
398808,13
398808,3
473308,7
473308,8
473308,17
475394,19
475394,7
475394,10
799949,15
799949,7
367959,15
367959,10
367959,8
382932,12
382932,15
382932,7
401711,7
401711,8
401711,17
259324,19
259324,3
259324,5
401997,1
401997,10
401997,8
758766,7
758766,20
758766,17
481369,10
481369,6
481369,5
462200,8
462200,20
425112,19
425112,7
425112,6
435705,19
435705,4
435705,5
443706,10
443706,8
443706,6
486946,19
486946,15
486946,7
416449,19
416449,8
468492,19
468492,8
468492,0
416508,1
416508,8
416508,17
490204,8
822854,19
822854,8
822854,5
389557,8
389557,5
389557,18
427470,10
427470,8
427470,5
445934,7
445934,11
462322,19
462322,0
462322,5
396555,12
396555,15
396555,7
76584,19
76584,15
76584,18
448134,4
448134,5
486822,10
486822,8
486822,6
450188,1
450188,8
450188,20
488120,10
488120,8
488120,5
453451,7
453451,13
413300,19
413300,15
413300,4
851578,12
851578,8
851578,3
480025,10
480025,8
478311,7
478311,17
427327,7
427327,8
427327,2
463854,19
463854,0
463854,4
413267,12
413267,15
413267,7
907657,8
907657,20
907657,17
449088,19
449088,15
449088,3
780571,10
780571,8
780571,5
460740,7
460740,8
460740,17
496806,19
496806,10
496806,5
423294,12
423294,7
423294,13
486576,19
486576,15
486576,3
1028528,19
1028528,15
1028528,5
462504,19
462504,1
462504,8
450385,3
450385,0
450385,6
795368,7
337978,19
337978,5
413099,7
413099,13
413099,3
418279,19
418279,15
418279,4
373889,19
373889,15
373889,13
762107,7
762107,17
445922,8
445922,3
445922,9
787475,7
787475,11
486655,15
486655,13
486655,3
462538,12
462538,15
462538,7
423977,7
423977,8
423977,17
440963,19
440963,6
440963,5
362225,10
362225,8
362225,6
829482,7
293564,19
293564,7
293564,10
431197,19
431197,8
431197,5
1077258,19
1077258,15
1077258,7
381849,19
381849,10
381849,8
465602,19
465602,5
783233,8
783233,6
783233,17
1032846,8
478134,10
478134,8
478134,6
765443,19
765443,10
765443,8
432021,19
432021,0
432021,4
452625,7
452625,17
758758,15
758758,1
758758,8
480242,7
480242,8
480242,17
838221,15
838221,7
838221,8
465538,10
465538,8
465538,6
805564,7
805564,8
805564,17
389722,19
389722,0
389722,5
452623,10
452623,8
452623,6
443680,1
443680,10
443680,8
808417,12
808417,1
808417,8
421082,1
421082,8
421082,20
890870,0
890870,6
890870,5
861739,19
861739,10
861739,8
765429,1
765429,10
765429,8
389790,12
389790,15
389790,7
292963,10
292963,8
292963,5
401383,1
401383,8
477348,10
477348,8
477348,5
799934,7
426931,8
426931,20
756683,8
756683,3
756683,4
442933,12
442933,19
442933,15
884328,0
884328,4
884328,5
461770,12
461770,7
461770,13
465494,19
465494,10
465494,5
385752,15
385752,13
385752,3
480249,19
480249,15
480249,8
952640,12
952640,7
952640,13
464141,8
464141,3
464141,0
467406,7
467406,8
825232,7
825232,8
419887,8
477139,7
477139,8
477139,3
408236,8
408236,0
408236,2
465234,19
465234,15
465234,6
469494,8
472062,1
472062,7
472062,8
758730,19
758730,15
758730,3
841046,7
841046,8
841046,20
431308,7
431308,8
431308,17
988595,7
988595,17
1038988,19
1038988,15
1038988,3
1060277,19
1060277,15
1060277,0
808506,12
808506,15
808506,7
462499,19
462499,5
411477,19
411477,15
411477,3
780536,7
780536,10
780536,8
489099,19
489099,15
489099,4
832266,7
832266,8
832266,17
443274,19
443274,10
443274,8
416236,19
416236,15
416236,8
467200,1
467200,8
467200,9
839980,7
839980,11
425413,7
425413,17
425413,11
443649,19
443649,15
443649,8
200465,10
200465,5
451079,12
451079,15
451079,7
808279,10
808279,8
808279,5
813547,10
813547,8
813547,9
472160,7
472160,3
472160,17
468569,19
468569,10
468569,8
478087,10
478087,8
478087,9
800039,7
800039,8
800039,17
857191,8
481536,15
481536,7
865556,19
865556,15
865556,3
871426,7
871426,17
371746,19
371746,15
371746,4
936501,19
936501,5
460791,15
460791,8
460791,3
1033643,7
1033643,17
499448,19
499448,15
499448,13
367882,19
367882,15
1000774,7
1000774,8
1000774,17
482606,0
482606,5
441773,12
441773,19
441773,15
960144,7
949731,8
949731,6
949731,4
800080,19
800080,15
800080,4
910970,12
910970,15
910970,13
493464,19
493464,10
493464,3
448157,19
448157,3
425061,19
425061,15
425061,7
795421,7
795421,2
795421,17
373051,19
373051,15
373051,13
409459,19
409459,8
409459,6
838283,7
443701,10
443701,8
443701,0
859163,19
859163,15
859163,3
497465,7
497465,8
497465,17
910936,19
910936,7
910936,10
942385,19
942385,7
942385,18
1185834,12
1185834,19
1185834,15
1139797,10
1139797,8
1139797,3
452608,19
452608,4
452608,5
852713,7
852713,17
887883,7
887883,10
887883,8
364970,19
364970,15
364970,4
995039,7
995039,8
995039,3
1059786,19
1059786,6
1059786,5
981227,7
981227,8
981227,20
758774,19
758774,8
758774,5
970411,15
970411,13
970411,3
467197,19
467197,10
467197,8
1007028,7
1007028,17
383028,8
1063669,8
1063669,5
1032755,19
1032755,10
1032755,5
479952,12
479952,15
479952,7
824747,1
824747,10
824747,8
898367,8
1010048,8
1010048,17
830515,19
830515,15
830515,5
430922,7
1132626,0
1132626,6
1135985,7
1135985,17
455824,15
455824,7
455824,8
397892,12
397892,15
397892,7
1013753,1
1013753,8
1099212,8
1099212,3
1099212,17
1129442,19
1129442,5
914798,8
914798,18
970416,8
970416,4
970416,5
918927,8
918927,6
1205489,8
870111,1
870111,8
870111,9
976051,8
976051,17
814314,8
1125849,8
1125849,11
421715,8
421715,3
421715,17
1068680,7
1068680,17
985699,8
985699,9
985699,5
960731,7
960731,13
960731,3
959337,8
959337,17
1034303,19
1034303,8
1034303,9
822832,7
822832,8
822832,13
876563,12
876563,15
876563,7
1220719,19
1220719,1
1220719,8
901476,7
901476,17
480669,0
480669,6
480669,4
834001,19
834001,3
834001,5
1114740,19
1114740,7
1114740,10
327597,12
327597,8
327597,13
465580,19
465580,4
465580,5
1001508,7
1001508,8
1001508,17
1069238,8
1069238,20
1201167,7
1201167,8
1176740,7
1176740,8
1176740,17
1155056,7
1155056,17
448011,19
448011,8
448011,6
1132620,10
1132620,8
1132620,6
862846,7
862846,8
892782,12
892782,19
892782,15
1091722,7
1091722,8
1091722,17
1093908,7
1093908,17
1013752,19
1013752,5
1226774,7
1131729,7
1131729,8
1131729,20
974661,7
974661,8
974661,3
361748,15
361748,8
361748,18
473705,10
473705,8
473705,6
1121931,19
1121931,5
1182345,8
1182345,6
1182345,4
458525,19
458525,15
458525,4
796366,19
796366,15
796366,4
808151,19
808151,6
808151,5
438488,19
438488,15
438488,4
1078912,15
1078912,7
1078912,13
844286,19
844286,15
844286,7
1127180,0
1127180,5
1049413,12
1049413,15
1049413,7
1119646,7
870984,8
870984,0
1111422,19
1111422,10
1111422,5
1041829,7
1041829,8
1041829,17
1045778,7
887912,8
887912,5
887912,18
1055369,19
1055369,15
1055369,4
1178663,7
1178663,17
1152836,1
1152836,10
1152836,8
1080016,12
1080016,15
1080016,7
1022603,7
1022603,8
1022603,17
889583,7
417741,19
417741,15
417741,13
1054606,15
1054606,7
1054606,3
1148204,0
1148204,6
1148204,5
1142988,7
1142988,17
1136608,19
1136608,4
1136608,5
1135503,1
1135503,8
1135503,17
1046173,19
1046173,15
1046173,4
452694,8
452694,3
452694,17
1172570,19
1172570,1
1172570,10
1305806,8
1305806,6
1305806,17
472033,12
472033,19
472033,15
1149362,8
1149362,9
1149362,6
1188729,19
1188729,0
1188729,6
1234548,7
1234548,18
1131734,7
1131734,0
1130080,1
1130080,7
1130080,10
1034032,19
1034032,4
1034032,5
844471,12
844471,15
844471,7
1179904,0
1179904,6
1179904,5
1019452,7
1019452,8
1172233,8
1172233,11
1058017,7
1058017,3
1058017,17
986263,19
986263,4
986263,5
1156398,15
1156398,7
1156398,3
1174732,8
386117,15
386117,8
386117,13
1197624,19
1197624,10
1197624,8
1193138,7
1193138,8
1193138,17
1233227,0
1233227,6
1300851,19
1300851,10
1300851,5
432283,12
432283,15
432283,7
1067106,12
1067106,8
1067106,13
1190080,19
1190080,15
1190080,4
929632,8
1259571,15
1259571,8
1259571,3
878804,1
878804,8
878804,11
1315981,8
1315981,17
380510,8
380510,3
380510,5
1057500,1
1057500,8
1057500,9
780521,12
780521,15
780521,7
499549,19
499549,15
499549,3
1230414,7
1230414,8
1230414,17
988045,19
988045,15
988045,6
1263670,8
1263670,20
1263670,17
403702,7
403702,8
403702,17
433362,19
433362,3
433362,0
1028532,8
1028532,13
1216492,7
1216492,17
1037705,19
1037705,15
1037705,8
1343097,10
1343097,8
1343097,5
1235166,10
1235166,8
1187043,7
1187043,8
1187064,3
1187064,6
1187064,5
1045772,1
1045772,7
1045772,10
817230,7
817230,17
1130884,6
1130884,5
1216487,10
1216487,8
1216487,6
814255,15
814255,13
814255,3
1139328,8
1139328,6
1139328,5
455407,0
455407,5
989757,8
989757,17
989757,18
1014759,15
1014759,13
1014759,3
947810,19
947810,8
947810,5
1179034,19
1179034,10
1179034,5
815236,7
815236,17
1038919,19
1038919,7
1038919,17
1053424,19
1053424,4
1053424,5
1231587,7
1231587,4
892769,12
892769,19
892769,15
800320,19
800320,15
800320,3
1250777,19
1250777,7
1250777,10
1279935,7
1279935,10
1279935,17
1379182,8
1379182,5
1228705,19
1228705,15
1228705,4
1341167,7
1341167,10
1341167,8
955308,19
955308,15
955308,8
1120985,8
1120985,17
1462758,8
1462758,6
1462758,5
473075,19
473075,15
473075,3
1226229,7
1226229,20
1017460,8
1017460,0
1017460,4
892318,15
892318,7
892318,8
1258197,6
1258197,5
429493,19
429493,15
429493,5
435761,12
435761,15
435761,7
1399683,8
1399683,6
892791,12
892791,15
892791,7
1325004,15
1325004,8
1325004,3
1191111,8
1191111,3
938283,19
938283,15
938283,13
1424381,19
1424381,15
1424381,4
1323594,12
1323594,7
1323594,13
1375666,19
1375666,15
1375666,4
1375670,7
963966,19
963966,15
963966,13
1013743,19
1013743,15
1013743,7
1155076,19
1155076,8
1155076,13
842926,7
842926,8
842926,17
944835,19
944835,6
944835,5
485947,8
485947,3
485947,17
427152,7
1386932,19
1386932,1
1386932,8
1386588,19
1386588,7
1386588,10
1320253,19
1320253,15
1320253,5
446029,19
446029,7
446029,3
1440728,10
1440728,8
1440728,5
889573,7
889573,8
889573,17
985694,19
985694,10
985694,5
1220634,19
1220634,15
1220634,0
1285016,1
1285016,8
840361,10
840361,8
840361,5
1282140,7
1282140,8
1282140,17
879870,1
879870,8
879870,17
1219342,12
1219342,19
1219342,15
804497,7
804497,8
804497,17
1228987,8
1228987,3
1228987,0
1314655,0
1314655,6
1314655,5
1055292,7
1055292,8
1055292,17
1470827,15
1470827,8
1470827,17
1334260,8
1334260,17
1334260,4
1245526,19
1245526,7
1245526,10
1536044,0
1231583,7
1231583,8
1542344,1
1542344,8
1001526,12
1001526,19
1001526,7
947798,8
947798,5
477080,19
477080,5
1458175,19
1458175,10
1458175,8
926084,15
926084,13
926084,3
1504320,1
1504320,8
1504320,9
398286,12
398286,15
398286,7
964517,1
964517,8
964517,11
758752,7
758752,8
758752,17
980970,15
980970,13
980970,3
1243957,19
1243957,15
1243957,10
1403865,8
1403865,16
1104001,19
1104001,15
1104001,4
1588170,19
1588170,10
1588170,8
970866,7
970866,17
1568921,12
1568921,15
1568921,13
1465522,7
1465522,0
990407,19
990407,7
990407,10
409847,19
409847,4
409847,5
1219289,4
1219289,5
1411238,7
1411238,17
1189340,10
1189340,8
1189340,5
1401152,19
1401152,6
1401152,5
1092026,15
1092026,7
1092026,4
1192628,12
1192628,15
1192628,7
1385826,17
1385826,4
1385826,5
472399,19
472399,5
1464540,19
1464540,15
1464540,4
1217613,19
1217613,4
1555149,19
1555149,10
1555149,8
1564367,7
1564367,17
1740707,8
1740707,3
1740707,0
945513,19
945513,8
945513,6
978764,19
978764,15
978764,3
1591095,0
1591095,6
1591095,5
993842,19
993842,8
993842,5
1436562,12
1436562,15
1436562,7
1527186,8
1527186,4
800369,19
800369,15
800369,3
1596343,19
1596343,15
1596343,10
1255953,8
1255953,6
1255953,18
1478338,7
1478338,17
822847,19
822847,0
822847,5
1298650,19
1298650,15
1298650,3
1605783,7
1605783,3
1605783,17
478304,8
478304,3
1411697,7
1478964,19
1478964,15
1478964,7
1302011,12
1302011,19
1302011,15
1270798,19
1270798,15
1270798,4
1440292,7
1440292,8
1440292,17
1532503,7
1532503,8
1532503,17
1650062,19
1650062,15
1650062,4
1133985,19
1133985,15
1133985,4
1284575,7
1284575,17
1399103,19
1399103,15
1399103,4
1499658,7
1499658,10
1216475,12
1216475,15
1216475,7
1201607,15
1201607,8
1201607,3
780504,10
780504,8
458339,19
458339,15
458339,4
1570728,7
1570728,8
1570728,17
1540133,7
1540133,10
1540133,5
1632708,7
1632708,17
1318514,19
1318514,8
1318514,4
1454029,8
1549572,8
1549572,17
1549572,4
1189073,8
1189073,0
1189073,5
1598778,19
1598778,8
1598778,5
1210166,1
1210166,8
1210166,11
848228,19
848228,15
848228,4
1340800,8
1340800,6
1340800,5
1832382,8
1291584,19
1291584,8
1291584,11
1124035,8
1124035,5
1306980,7
1306980,8
1306980,17
1655442,7
1655442,8
1655442,17
1675192,8
1675192,0
1675192,5
433035,19
433035,8
433035,4
905372,0
905372,6
905372,4
1242460,8
1242460,6
1242460,5
1637688,19
1637688,4
1637688,5
1692486,7
1692486,8
1615147,8
1615147,5
1634122,19
1634122,15
1634122,7
1723811,8
1614989,19
1614989,10
1614989,5
448694,12
448694,15
448694,7
471042,19
471042,7
471042,10
983193,12
983193,19
983193,15
970179,8
970179,13
970179,3
1033575,7
1033575,8
1204342,15
1204342,7
1204342,13
1324999,15
1324999,8
1324999,3
1764651,19
1764651,15
1764651,5
1392170,19
1392170,15
1392170,4
1345836,19
1345836,15
1194173,19
1194173,15
1194173,5
1515091,19
1515091,15
1515091,6
1229238,19
1229238,15
1229238,5
1389137,7
1389137,8
1389137,13
1568346,10
1568346,8
1568346,6
1496025,19
1496025,3
1496025,0
1601913,19
1601913,15
1601913,8
1675434,1
1675434,7
1675434,8
1706593,8
1706593,4
1706593,5
1596365,8
1596365,3
1596365,0
1599348,19
1599348,5
1606389,8
1606389,17
1636826,7
1482459,12
1482459,15
1482459,7
1596350,19
1596350,7
1596350,17
401729,19
401729,15
401729,4
1232829,19
1232829,7
1232829,10
1646987,19
1646987,15
1646987,3
1605630,7
1899353,19
1899353,5
1259521,0
1440129,19
1440129,15
1440129,4
1412386,7
1412386,8
1412386,17
1077368,7
1077368,3
1077368,0
1645170,7
1409024,19
1409024,15
1409024,7
1735898,19
1735898,15
1735898,8
1446714,15
1446714,6
1446714,4
1748122,7
1748122,8
1748122,17
1862079,7
1862079,8
1862079,17
1277953,12
1277953,15
1277953,7
1217209,12
1217209,15
1217209,7
1611224,19
1611224,3
1611224,0
1307068,15
1307068,7
1307068,8
1637725,7
948470,19
948470,15
948470,4
1667889,12
1667889,15
1667889,7
2125435,15
2125435,8
2125435,3
1839492,7
1839492,8
1839492,3
1386703,19
1386703,15
1386703,4
1074638,19
1074638,15
1074638,5
1790886,7
1623288,12
1623288,15
1623288,7
1212450,10
1212450,8
1981677,7
1981677,20
1981677,17
1276104,19
1276104,8
1276104,4
1990314,7
1990314,10
1990314,8
1855325,19
1855325,0
1855325,4
1560747,8
1343727,19
1343727,10
1343727,4
1855199,19
1855199,10
1855199,8
1659337,8
1659337,17
2106476,8
1397280,19
1397280,5
1922777,0
1922777,6
1922777,5
837562,12
837562,7
837562,13
1024648,1
1024648,8
1024648,5
1931533,7
1931533,10
1371111,19
1371111,8
1371111,6
1772341,12
1772341,15
1772341,7
1045658,7
1045658,8
1045658,17
1907668,8
1907668,5
454876,15
454876,8
454876,3
443272,1
443272,8
443272,9
1673434,15
1673434,8
1673434,3
1446192,12
1446192,19
1446192,15
903624,15
903624,3
1790885,8
1790885,9
1790885,5
1588173,7
1588173,0
1588173,17
790724,19
790724,5
1853728,8
1853728,16
1649419,8
1649419,9
1649419,5
1707386,8
1707386,9
1707386,2
1321870,19
1321870,10
1321870,8
1428538,19
1428538,3
1428538,0
2053463,10
2053463,8
2053463,6
2024432,7
2024432,10
2024432,8
1606378,19
1606378,5
2209418,8
2209418,17
1583421,19
1583421,15
1583421,4
1623205,15
1623205,13
1623205,3
481499,12
481499,19
481499,15
2302755,19
2302755,5
1817273,10
1817273,8
1817273,5
1483013,19
1483013,15
1483013,4
1980209,19
1980209,7
1980209,10
1245492,7
1300854,19
1300854,15
1300854,4
1935179,8
1343092,8
1343092,17
1408101,19
1408101,15
1408101,4
2234155,7
1951261,7
1951261,10
1951261,17
1905041,19
1905041,15
1905041,5
2347569,7
2347569,8
2347569,17
1815862,19
1815862,15
1815862,4
1670345,10
1670345,6
1670345,5
1727388,7
1727388,8
770828,19
770828,15
770828,4
2184339,0
2184339,5
1453405,12
1453405,15
1453405,7
1663662,19
1663662,15
1663662,4
816711,19
816711,15
816711,0
1535108,19
1535108,8
1535108,4
1690953,12
1690953,15
1690953,7
2334879,19
2334879,8
2334879,5
1213663,7
1213663,4
2404463,19
2404463,7
2404463,10
1210819,19
1210819,15
1210819,7
1714206,7
1714206,8
1714206,17
1457767,0
1457767,6
1457767,5
1430132,19
1430132,15
1430132,4
1821694,19
1821694,15
1821694,7
1272878,19
1272878,7
1272878,5
2334873,8
1723121,7
1723121,10
1650554,19
1650554,7
1650554,10
1411250,19
1411250,15
1411250,4
2013293,12
2013293,1
2013293,8
2194499,7
2194499,8
2194499,3
1454468,8
1454468,4
1454468,5
1392214,10
1392214,8
1392214,6
1979320,19
1979320,1
1979320,8
2370248,8
1821549,15
1821549,7
1821549,8
2229499,7
2229499,8
2229499,17
2278871,8
2278871,17
1985966,12
1985966,15
1985966,7
1535109,15
1535109,1
1535109,10
1211956,19
1211956,5
2024544,1
2024544,8
2024544,9
1731141,19
1731141,15
1731141,3
1981115,19
1981115,15
1981115,3
790636,1
790636,8
2431286,1
2431286,7
2431286,8
816442,8
816442,18
1951264,19
1951264,15
1951264,6
1170358,15
1170358,3
1335975,19
1335975,8
1335975,3
2294629,12
2294629,15
2294629,7
2042568,7
2042568,8
2042568,20
993846,1
993846,10
993846,8
1800241,10
1800241,8
359950,7
359950,8
359950,3
1798709,8
1798709,17
1798709,4
1091191,19
1091191,1
1091191,8
2140373,1
2140373,7
2140373,8
1229340,7
1706620,19
1706620,8
1706620,4
1714915,7
1714915,8
1714915,3
1205537,19
1205537,8
1205537,5
1840309,19
1840309,15
1840309,6
1937390,8
2316411,8
2316411,6
2316411,5
2177771,7
2177771,8
2177771,9
1490017,12
1490017,19
1490017,15
1234721,19
1234721,10
1234721,4
2382009,8
2278388,15
2278388,7
2278388,10
816692,15
816692,8
816692,4
2024469,19
2024469,6
2024469,5
1253863,19
1253863,8
1441395,8
1441395,0
1441395,4
1843866,19
1843866,15
1843866,4
1959490,19
1959490,15
1959490,8
2265171,19
2265171,10
2265171,5
1872181,19
1872181,15
1872181,4
2209764,19
2209764,8
2209764,4
2692904,8
2004420,7
2872732,19
2872732,4
2872732,5
1877832,19
1877832,15
1877832,4
831387,19
831387,15
831387,4
2883512,15
2883512,7
2883512,8
1980929,7
1980929,8
1980929,20
1587310,19
1587310,15
1587310,13
2557490,7
2557490,16
1631867,19
1631867,15
1631867,4
2381249,19
2381249,15
2381249,5
2582846,8
2582846,17
2294449,19
2294449,7
2294449,10
455944,19
455944,10
455944,5
1646971,12
1646971,19
1646971,15
2562232,7
2562232,8
1065073,8
2109248,19
2109248,15
2109248,4
2582802,8
2582802,20
2267998,8
2267998,6
2267998,5
2103281,19
2103281,15
2103281,8
2884206,8
2884206,17
2884206,4
2015381,19
2015381,15
2015381,7
2333784,19
2333784,15
2333784,5
1617661,19
1617661,15
1617661,4
1291150,19
1291150,15
1291150,7
435651,8
435651,17
435651,4
458481,19
458481,10
458481,5
2866360,8
2866360,6
2866360,4
1790864,19
1790864,6
1790864,4
2179136,19
2179136,1
2179136,8
829150,19
829150,8
829150,3
2397535,19
2397535,8
2397535,4
3416742,7
3416742,0
2911666,19
2911666,10
2911666,5
1872194,10
1872194,8
2713180,19
2713180,8
2713180,18
2170593,7
2170593,8
2872718,10
2872718,8
2872718,5
2245084,12
2245084,19
2245084,15
470752,8
470752,4
470752,5
1100089,1
1100089,8
1100089,11
2084970,1
2084970,8
2084970,5
1791528,7
1791528,10
1791528,8
1951265,19
1951265,15
1951265,4
3011894,7
3011894,8
3011894,5
2096672,7
2980516,1
2980516,8
2980516,17
1865505,12
1865505,15
1865505,8
369610,19
369610,15
369610,4
2170439,7
2170439,10
3316960,8
4046784,19
4046784,15
4046784,4
2310332,15
2310332,3
2305051,1
2305051,8
2180411,15
2180411,7
2180411,8
2788710,19
2788710,15
2788710,7
2802144,19
2802144,15
2802144,7
2692250,15
2692250,7
2692250,13
1823672,19
1823672,10
1823672,8
2446042,19
2446042,5
1340138,19
1340138,15
1340138,4
3235888,0
3235888,6
3235888,5
1392190,19
1392190,15
1392190,4
2488496,19
2488496,15
2488496,4
803096,19
803096,15
803096,3
2395427,19
2395427,15
2395427,4
1790809,19
1790809,15
1790809,3
974015,19
974015,15
974015,3
478970,19
478970,15
478970,7
1502712,19
1502712,15
1502712,4
1431045,19
1431045,15
1431045,7
1825683,19
1825683,15
1825683,4
4154664,19
4154664,15
4154664,4
4154756,19
4154756,15
4154756,4
4154796,19
4154796,15
4154796,8
3501632,19
3501632,15
3501632,7
3896198,19
3896198,15
3896198,7
3498820,19
3498820,15
3498820,4
1211837,19
1211837,15
1211837,3
3385516,19
3385516,15
3385516,4
2250912,19
2250912,15
2250912,4
2322441,8
2322441,17
2322441,5
2381111,8
2381111,17
2582496,7
2582496,8
3460252,10
3460252,8
3460252,6
2554274,8
2554274,3
2554274,0
2381941,7
2381941,10
2381941,8
1661199,8
1661199,13
1661199,3
2908446,19
2908446,15
2908446,4
2224026,12
2224026,15
2224026,7
2820852,19
2820852,15
2820852,5
2561572,7
2561572,10
1964418,19
1964418,15
1964418,13
1655441,8
1655441,3
1655441,17
2126355,19
2126355,15
2126355,8
2848292,7
2848292,20
2402927,8
2402927,17
3464902,7
3464902,8
3464902,17
3659388,15
3659388,8
3659388,4
3079380,19
3079380,7
3079380,10
3152624,7
3152624,8
3152624,17
2096673,12
2096673,15
2096673,7
1951266,19
1951266,15
1951266,4
2120120,19
2120120,7
2120120,3
3410834,19
3410834,15
3410834,6
3183660,15
3183660,13
3183660,3
2709768,12
2709768,15
2709768,7
1386697,19
1386697,15
1386697,3
1628841,19
1628841,15
1628841,4
2660888,19
2660888,15
2660888,4
2637276,7
2293640,12
2293640,15
2293640,7
1979388,12
1979388,15
1979388,7
1355683,1
1355683,10
1355683,8
2379713,19
2379713,15
2379713,5
2080374,1
2080374,8
2975590,19
2975590,15
2975590,4
3040964,15
3040964,8
3040964,13
1638355,19
1638355,15
1638355,7
1663202,19
1663202,15
1663202,8
1798684,19
1798684,8
1798684,11
3397884,19
3397884,10
3397884,8
2361509,7
2361509,8
3170832,8
3170832,5
4178092,8
4178092,6
4178092,5
4263482,8
4263482,0
4263482,6
1398426,1
1398426,8
1398426,9
1677720,19
1677720,15
1677720,4
4062536,0
4062536,20
4062536,5
2719848,19
2719848,15
2719848,1
1895587,1
1895587,10
1895587,8
2510894,12
2510894,7
2510894,13
1477834,19
1477834,15
1477834,3
451279,19
451279,15
451279,3
3682448,8
3682448,9
3682448,5
475290,7
475290,8
475290,20
3076658,8
3076658,11
1596363,1
1596363,7
1596363,8
4550098,8
4550098,5
2267968,12
2267968,19
2267968,15
2674426,8
2674426,17
1179933,19
1179933,8
1179933,0
2948356,12
2948356,15
2948356,7
4698684,15
4698684,7
4698684,8
3544112,7
3544112,8
3544112,20
2277860,12
2277860,15
2277860,7
3774114,1
3774114,10
3774114,8
3799694,19
3799694,7
3799694,10
4016934,8
4016934,17
4016934,5
1700841,12
1700841,15
1700841,7
3553976,7
3553976,8
3110958,19
3110958,15
3110958,7
4034354,7
4034354,8
4034354,3
3065204,0
3065204,6
3065204,5
1289401,19
1289401,7
1289401,3
1489889,19
1489889,7
1489889,10
4196776,19
4196776,5
3263904,1
3263904,8
2005151,1
2005151,7
2005151,10
2582782,19
2582782,10
2582782,8
4160708,10
4160708,0
4160708,5
1878870,7
1878870,8
5700672,19
5700672,0
5700672,5
2404435,19
2404435,15
2404435,16
4975722,8
4302938,12
4302938,19
4302938,15
1935859,15
1935859,8
1935859,13
3631112,10
3631112,8
3631112,6
2140479,19
2140479,10
2140479,8
5311514,12
5311514,8
5311514,3
2119532,1
2119532,8
2119532,9
2543164,8
2543164,6
2543164,4
3783958,7
3783958,8
3783958,20
4034228,8
3741834,1
3741834,8
3521164,12
3521164,15
3521164,7
3748528,19
3748528,15
3748528,4
4972582,0
4972582,5
1355644,8
1355644,17
1355644,4
4846340,1
4846340,8
4846340,9
4276820,1
4276820,8
4116284,12
4116284,19
4116284,7
4425200,19
4425200,10
4425200,5
5052448,0
5052448,6
5052448,5
3315342,19
3315342,8
3315342,4
3731562,19
3731562,15
3731562,3
5462602,7
5462602,8
5462602,17
2771200,13
2771200,3
2771200,2
5726616,8
5726616,17
1219827,19
1219827,10
1219827,8
5442430,0
5442430,4
5442430,5
2316204,0
2316204,4
2316204,5
4481414,8
3890160,19
3890160,10
3890160,8
3450958,19
3450958,15
3450958,8
2239822,19
2239822,15
2239822,3
2406566,19
2406566,5
5013056,19
5013056,8
5013056,9
1396484,0
5362988,10
5362988,8
5362988,6
1959563,19
1959563,7
1959563,10
4649466,19
4649466,15
4649466,7
1856101,19
1856101,8
1856101,6
5109784,8
5109784,0
5109784,6
3532216,19
3532216,1
3532216,7
5027774,7
5027774,10
5027774,8
4925292,7
4925292,8
3402236,10
3402236,8
3402236,6
2380307,12
2380307,15
2380307,13
5580036,1
5580036,7
5580036,8
2283362,19
2283362,15
2283362,7
4555426,1
4555426,8
4555426,9
2527336,19
2527336,15
2527336,3
5580390,15
5580390,8
5580390,3
4209788,1
4209788,10
4209788,8
2543472,8
2543472,13
3521126,1
3521126,7
3521126,8
6294822,8
6294822,5
1485796,1
1485796,8
1485796,2
2798920,15
2798920,8
2798920,0
5519340,19
5519340,3
5519340,5
2704998,19
2704998,7
2704998,10
5083738,1
5083738,7
5083738,8
7784604,8
7784604,0
7784604,6
5104604,12
5104604,15
5104604,7
6644200,8
6644200,0
6644200,4
4881806,19
4881806,15
4881806,4
3606756,12
3606756,19
3606756,15
5463162,19
5463162,15
5463162,7
3778644,19
3778644,15
3778644,4
5095030,19
5095030,15
5095030,7
6499752,19
6499752,4
6499752,5
4912910,19
4912910,15
4912910,5
7349662,1
7349662,10
7349662,8
1517451,8
1517451,20
1517451,17
1270797,19
1270797,15
1270797,4
1727824,1
1727824,8
1727824,20
6412452,7
6412452,8
6412452,2
6966692,1
6966692,7
6966692,8
4633694,12
4633694,19
4633694,15
6320628,19
6320628,15
6320628,4
